protein_id	protein_name	species_code	species_name	current_family	CPT_score	CPT_evalue	Tweedle_Twdl_score	Tweedle_Twdl_evalue	delta_CPT_minus_Tweedle	classifier_prediction	confidence	status	label_note	CPT_subgroup_signal	motif_validation	length	tweedle_core_feature_count	region_I_KxxY_or_F_count	block_I_or_III_Kx2_3YV_count	region_II_Kx4_5FIKAP_count	region_III_KTxxYVL_count	region_IV_KPEVY_or_HFxKY_count	extended_YVL_20_23_KPEV_count
Aga_TWDL1	TWDL1	Aga	Anopheles gambiae	Tweedle	260.8	2.4e-78	186.9	7e-56	73.9	Tweedle/CPT-like	high	confirmed_current_Tweedle_CPT_like	current_Tweedle_label_preserved	CPT-like_subgroup_signal_review	strong_Tweedle_CPT_motif_support	300	6	2	2	1	1	1	1
Aga_TWDL10	TWDL10	Aga	Anopheles gambiae	Tweedle	171.0	4.9e-51	132.2	3.6e-39	38.8	Tweedle/CPT-like	high	confirmed_current_Tweedle_CPT_like	current_Tweedle_label_preserved	CPT-like_subgroup_signal_review	strong_Tweedle_CPT_motif_support	490	6	2	2	1	1	1	1
Aga_TWDL11	TWDL11	Aga	Anopheles gambiae	Tweedle	197.5	4.3e-59	168.8	2.3e-50	28.7	Tweedle/CPT-like	high	confirmed_current_Tweedle_CPT_like	current_Tweedle_label_preserved	CPT_HMM_hit_but_not_delta_strong	strong_Tweedle_CPT_motif_support	177	6	3	2	1	1	1	1
Aga_TWDL12	TWDL12	Aga	Anopheles gambiae	Tweedle	120.0	1.6e-35	135.6	3.3e-40	-15.6	Tweedle/CPT-like	high	confirmed_current_Tweedle_CPT_like	current_Tweedle_label_preserved	CPT_HMM_hit_but_not_delta_strong	strong_Tweedle_CPT_motif_support	201	6	4	2	1	1	1	1
Aga_TWDL2	TWDL2	Aga	Anopheles gambiae	Tweedle	118.9	3.5e-35	139.8	1.7e-41	-20.9	Tweedle/CPT-like	high	confirmed_current_Tweedle_CPT_like	current_Tweedle_label_preserved	CPT_HMM_hit_but_not_delta_strong	strong_Tweedle_CPT_motif_support	386	6	2	1	1	1	1	1
Aga_TWDL3	TWDL3	Aga	Anopheles gambiae	Tweedle	93.5	1.9e-27	141.0	7e-42	-47.5	Tweedle/CPT-like	high	confirmed_current_Tweedle_CPT_like	current_Tweedle_label_preserved	CPT_HMM_hit_but_not_delta_strong	strong_Tweedle_CPT_motif_support	357	6	2	1	1	1	1	1
Aga_TWDL4	TWDL4	Aga	Anopheles gambiae	Tweedle	98.4	5.9e-29	138.9	3.1e-41	-40.5	Tweedle/CPT-like	high	confirmed_current_Tweedle_CPT_like	current_Tweedle_label_preserved	CPT_HMM_hit_but_not_delta_strong	strong_Tweedle_CPT_motif_support	362	6	2	1	1	1	1	1
Aga_TWDL5	TWDL5	Aga	Anopheles gambiae	Tweedle	102.8	2.7e-30	137.5	8.6e-41	-34.7	Tweedle/CPT-like	high	confirmed_current_Tweedle_CPT_like	current_Tweedle_label_preserved	CPT_HMM_hit_but_not_delta_strong	strong_Tweedle_CPT_motif_support	387	6	2	1	1	1	1	1
Aga_TWDL6	TWDL6	Aga	Anopheles gambiae	Tweedle	120.6	1.1e-35	144.6	5.9e-43	-24.0	Tweedle/CPT-like	high	confirmed_current_Tweedle_CPT_like	current_Tweedle_label_preserved	CPT_HMM_hit_but_not_delta_strong	strong_Tweedle_CPT_motif_support	365	6	2	1	1	1	1	1
Aga_TWDL7	TWDL7	Aga	Anopheles gambiae	Tweedle	95.2	5.7e-28	111.8	5.9e-33	-16.6	Tweedle/CPT-like	high	confirmed_current_Tweedle_CPT_like	current_Tweedle_label_preserved	CPT_HMM_hit_but_not_delta_strong	moderate_Tweedle_CPT_motif_support	262	4	2	1	1	1	0	0
Aga_TWDL8	TWDL8	Aga	Anopheles gambiae	Tweedle	174.5	4.1e-52	152.7	1.9e-45	21.8	Tweedle/CPT-like	high	confirmed_current_Tweedle_CPT_like	current_Tweedle_label_preserved	CPT_HMM_hit_but_not_delta_strong	moderate_Tweedle_CPT_motif_support	213	4	2	2	1	1	0	0
Aga_TWDL9	TWDL9	Aga	Anopheles gambiae	Tweedle	194.4	3.7e-58	169.7	1.3e-50	24.7	Tweedle/CPT-like	high	confirmed_current_Tweedle_CPT_like	current_Tweedle_label_preserved	CPT_HMM_hit_but_not_delta_strong	strong_Tweedle_CPT_motif_support	308	5	2	2	0	1	1	1
Ame_Twdl1	Twdl1	Ame	Apis mellifera	Tweedle	220.2	5.2e-66	174.4	4.7e-52	45.8	Tweedle/CPT-like	high	confirmed_current_Tweedle_CPT_like	current_Tweedle_label_preserved	CPT-like_subgroup_signal_review	strong_Tweedle_CPT_motif_support	331	6	2	2	1	1	1	1
Ame_Twdl2	Twdl2	Ame	Apis mellifera	Tweedle	171.6	3.2e-51	152.6	2e-45	19.0	Tweedle/CPT-like	high	confirmed_current_Tweedle_CPT_like	current_Tweedle_label_preserved	CPT_HMM_hit_but_not_delta_strong	moderate_Tweedle_CPT_motif_support	185	4	2	2	1	1	0	0
Bmo_CPT1	CPT1	Bmo	Bombyx mori	CPT	419.4	1.3e-126	115.4	4.9e-34	304.0	Tweedle/CPT-like	high	confirmed_current_Tweedle_CPT_like	current_CPT_label_preserved	CPT-like_subgroup_signal_review	moderate_Tweedle_CPT_motif_support	476	3	2	2	0	1	0	0
Bmo_CPT2	CPT2	Bmo	Bombyx mori	CPT	475.5	1.1e-143	175.4	2.3e-52	300.1	Tweedle/CPT-like	high	confirmed_current_Tweedle_CPT_like	current_CPT_label_preserved	CPT-like_subgroup_signal_review	strong_Tweedle_CPT_motif_support	309	6	2	2	1	1	1	1
Bmo_CPT3	CPT3	Bmo	Bombyx mori	CPT	397.9	4.4e-120	173.2	1.1e-51	224.7	Tweedle/CPT-like	high	confirmed_current_Tweedle_CPT_like	current_CPT_label_preserved	CPT-like_subgroup_signal_review	strong_Tweedle_CPT_motif_support	318	6	2	2	1	1	1	1
Bmo_CPT4	CPT4	Bmo	Bombyx mori	CPT	219.0	1.2e-65	156.6	1.2e-46	62.4	Tweedle/CPT-like	high	confirmed_current_Tweedle_CPT_like	current_CPT_label_preserved	CPT-like_subgroup_signal_review	moderate_Tweedle_CPT_motif_support	184	4	4	3	1	1	0	0
Bmo_GRP1	GRP1	Bmo	Bombyx mori	CPT	475.5	1.1e-143	175.4	2.3e-52	300.1	Tweedle/CPT-like	high	confirmed_current_Tweedle_CPT_like	current_CPT_label_preserved	CPT-like_subgroup_signal_review	strong_Tweedle_CPT_motif_support	309	6	2	2	1	1	1	1
Cfe_CL1548.Contig1-Tweedle	CL1548.Contig1-Tweedle	Cfe	Cryptolestes ferrugineus	Tweedle	203.8	5.2e-61	172.7	1.6e-51	31.1	Tweedle/CPT-like	high	confirmed_current_Tweedle_CPT_like	current_Tweedle_label_preserved	CPT-like_subgroup_signal_review	moderate_Tweedle_CPT_motif_support	225	4	2	2	1	1	0	0
Cfe_CL3825.Contig1-Tweedle	CL3825.Contig1-Tweedle	Cfe	Cryptolestes ferrugineus	Tweedle	200.1	6.6e-60	177.8	4.3e-53	22.3	Tweedle/CPT-like	high	confirmed_current_Tweedle_CPT_like	current_Tweedle_label_preserved	CPT_HMM_hit_but_not_delta_strong	moderate_Tweedle_CPT_motif_support	297	4	2	2	1	1	0	0
Cfe_Unigene16129-Tweedle	Unigene16129-Tweedle	Cfe	Cryptolestes ferrugineus	Tweedle	230.3	4.3e-69	174.4	4.6e-52	55.9	Tweedle/CPT-like	high	confirmed_current_Tweedle_CPT_like	current_Tweedle_label_preserved	CPT-like_subgroup_signal_review	moderate_Tweedle_CPT_motif_support	325	4	2	2	1	1	0	0
Cme_Tweedle1	Tweedle1	Cme	Cnaphalocrocis medinalis	CPT	355.5	3.5e-107	146.5	1.6e-43	209.0	Tweedle/CPT-like	high	confirmed_current_Tweedle_CPT_like	current_CPT_label_preserved	CPT-like_subgroup_signal_review	moderate_Tweedle_CPT_motif_support	521	3	2	2	0	1	0	0
Dan_Tweedle1	Tweedle1	Dan	Drosophila ananassae	Tweedle	151.0	6.1e-45	135.4	3.9e-40	15.6	Tweedle/CPT-like	high	confirmed_current_Tweedle_CPT_like	current_Tweedle_label_preserved	CPT_HMM_hit_but_not_delta_strong	strong_Tweedle_CPT_motif_support	369	6	2	2	1	1	1	1
Dan_Tweedle10	Tweedle10	Dan	Drosophila ananassae	Tweedle	79.6	3.1e-23	216.3	7.2e-65	-136.7	Tweedle/CPT-like	high	confirmed_current_Tweedle_CPT_like	current_Tweedle_label_preserved	CPT_HMM_hit_but_not_delta_strong	moderate_Tweedle_CPT_motif_support	309	3	1	1	0	1	0	0
Dan_Tweedle11	Tweedle11	Dan	Drosophila ananassae	Tweedle	45.5	7.6e-13	218.4	1.7e-65	-172.9	Tweedle/CPT-like	high	confirmed_current_Tweedle_CPT_like	current_Tweedle_label_preserved	no_strong_CPT_subgroup_signal	moderate_Tweedle_CPT_motif_support	226	3	1	0	0	0	1	1
Dan_Tweedle12	Tweedle12	Dan	Drosophila ananassae	Tweedle	102.5	3.4e-30	193.2	8.4e-58	-90.7	Tweedle/CPT-like	high	confirmed_current_Tweedle_CPT_like	current_Tweedle_label_preserved	CPT_HMM_hit_but_not_delta_strong	strong_Tweedle_CPT_motif_support	256	6	1	1	1	1	1	1
Dan_Tweedle13	Tweedle13	Dan	Drosophila ananassae	Tweedle	129.3	2.4e-38	209.9	6.3e-63	-80.6	Tweedle/CPT-like	high	confirmed_current_Tweedle_CPT_like	current_Tweedle_label_preserved	CPT_HMM_hit_but_not_delta_strong	moderate_Tweedle_CPT_motif_support	279	4	1	2	1	1	0	0
Dan_Tweedle14	Tweedle14	Dan	Drosophila ananassae	Tweedle	89.1	4e-26	211.1	2.9e-63	-122.0	Tweedle/CPT-like	high	confirmed_current_Tweedle_CPT_like	current_Tweedle_label_preserved	CPT_HMM_hit_but_not_delta_strong	moderate_Tweedle_CPT_motif_support	258	3	2	1	0	1	0	0
Dan_Tweedle15	Tweedle15	Dan	Drosophila ananassae	Tweedle	52.2	6.6e-15	227.6	2.5e-68	-175.4	Tweedle/CPT-like	high	confirmed_current_Tweedle_CPT_like	current_Tweedle_label_preserved	no_strong_CPT_subgroup_signal	moderate_Tweedle_CPT_motif_support	219	3	2	0	0	0	1	1
Dan_Tweedle16	Tweedle16	Dan	Drosophila ananassae	Tweedle	56.1	4.3e-16	238.0	1.7e-71	-181.9	Tweedle/CPT-like	high	confirmed_current_Tweedle_CPT_like	current_Tweedle_label_preserved	no_strong_CPT_subgroup_signal	moderate_Tweedle_CPT_motif_support	256	3	1	0	0	0	1	1
Dan_Tweedle17	Tweedle17	Dan	Drosophila ananassae	Tweedle	40.6	2.4e-11	236.6	4.4e-71	-196.0	Tweedle/CPT-like	high	confirmed_current_Tweedle_CPT_like	current_Tweedle_label_preserved	no_strong_CPT_subgroup_signal	moderate_Tweedle_CPT_motif_support	263	3	2	0	0	0	1	1
Dan_Tweedle18	Tweedle18	Dan	Drosophila ananassae	Tweedle	10.7	0.028	126.2	2.5e-37	-115.5	Tweedle/CPT-like	high	confirmed_current_Tweedle_CPT_like	current_Tweedle_label_preserved	no_strong_CPT_subgroup_signal	no_Tweedle_CPT_motif_support	231	0	0	0	0	0	0	0
Dan_Tweedle19	Tweedle19	Dan	Drosophila ananassae	Tweedle	59.7	3.6e-17	175.3	2.4e-52	-115.6	Tweedle/CPT-like	high	confirmed_current_Tweedle_CPT_like	current_Tweedle_label_preserved	no_strong_CPT_subgroup_signal	moderate_Tweedle_CPT_motif_support	315	4	1	1	1	1	0	0
Dan_Tweedle2	Tweedle2	Dan	Drosophila ananassae	Tweedle	210.1	6e-63	191.6	2.5e-57	18.5	Tweedle/CPT-like	high	confirmed_current_Tweedle_CPT_like	current_Tweedle_label_preserved	CPT_HMM_hit_but_not_delta_strong	strong_Tweedle_CPT_motif_support	286	6	2	2	1	1	1	1
Dan_Tweedle20	Tweedle20	Dan	Drosophila ananassae	Tweedle	38.5	1e-10	249.8	4.2e-75	-211.3	Tweedle/CPT-like	high	confirmed_current_Tweedle_CPT_like	current_Tweedle_label_preserved	no_strong_CPT_subgroup_signal	moderate_Tweedle_CPT_motif_support	245	3	1	0	0	0	1	1
Dan_Tweedle21	Tweedle21	Dan	Drosophila ananassae	Tweedle	83.7	1.8e-24	263.6	2.6e-79	-179.9	Tweedle/CPT-like	high	confirmed_current_Tweedle_CPT_like	current_Tweedle_label_preserved	CPT_HMM_hit_but_not_delta_strong	moderate_Tweedle_CPT_motif_support	295	3	2	0	0	0	1	1
Dan_Tweedle22	Tweedle22	Dan	Drosophila ananassae	Tweedle	44.1	2e-12	260.3	2.7e-78	-216.2	Tweedle/CPT-like	high	confirmed_current_Tweedle_CPT_like	current_Tweedle_label_preserved	no_strong_CPT_subgroup_signal	moderate_Tweedle_CPT_motif_support	262	3	2	0	0	0	1	1
Dan_Tweedle23	Tweedle23	Dan	Drosophila ananassae	Tweedle	46.7	3.1e-13	265.0	9.7e-80	-218.3	Tweedle/CPT-like	high	confirmed_current_Tweedle_CPT_like	current_Tweedle_label_preserved	no_strong_CPT_subgroup_signal	moderate_Tweedle_CPT_motif_support	246	3	2	0	0	0	1	1
Dan_Tweedle24	Tweedle24	Dan	Drosophila ananassae	Tweedle	55.3	7.9e-16	249.1	6.8e-75	-193.8	Tweedle/CPT-like	high	confirmed_current_Tweedle_CPT_like	current_Tweedle_label_preserved	no_strong_CPT_subgroup_signal	moderate_Tweedle_CPT_motif_support	231	3	1	1	0	1	0	0
Dan_Tweedle25	Tweedle25	Dan	Drosophila ananassae	Tweedle	72.5	4.5e-21	265.0	9.5e-80	-192.5	Tweedle/CPT-like	high	confirmed_current_Tweedle_CPT_like	current_Tweedle_label_preserved	CPT_HMM_hit_but_not_delta_strong	moderate_Tweedle_CPT_motif_support	289	3	2	0	0	0	1	1
Dan_Tweedle26	Tweedle26	Dan	Drosophila ananassae	Tweedle	69.3	4.3e-20	266.6	3.1e-80	-197.3	Tweedle/CPT-like	high	confirmed_current_Tweedle_CPT_like	current_Tweedle_label_preserved	no_strong_CPT_subgroup_signal	moderate_Tweedle_CPT_motif_support	281	3	2	0	0	0	1	1
Dan_Tweedle27	Tweedle27	Dan	Drosophila ananassae	Tweedle	67.6	1.4e-19	249.6	4.9e-75	-182.0	Tweedle/CPT-like	high	confirmed_current_Tweedle_CPT_like	current_Tweedle_label_preserved	no_strong_CPT_subgroup_signal	moderate_Tweedle_CPT_motif_support	228	3	1	0	0	0	1	1
Dan_Tweedle28	Tweedle28	Dan	Drosophila ananassae	Tweedle	60.6	1.9e-17	273.2	3e-82	-212.6	Tweedle/CPT-like	high	confirmed_current_Tweedle_CPT_like	current_Tweedle_label_preserved	no_strong_CPT_subgroup_signal	moderate_Tweedle_CPT_motif_support	276	3	2	0	0	0	1	1
Dan_Tweedle3	Tweedle3	Dan	Drosophila ananassae	Tweedle	191.1	3.6e-57	152.6	2.1e-45	38.5	Tweedle/CPT-like	high	confirmed_current_Tweedle_CPT_like	current_Tweedle_label_preserved	CPT-like_subgroup_signal_review	moderate_Tweedle_CPT_motif_support	191	4	3	3	1	1	0	0
Dan_Tweedle4	Tweedle4	Dan	Drosophila ananassae	Tweedle	110.0	1.7e-32	218.2	1.9e-65	-108.2	Tweedle/CPT-like	high	confirmed_current_Tweedle_CPT_like	current_Tweedle_label_preserved	CPT_HMM_hit_but_not_delta_strong	moderate_Tweedle_CPT_motif_support	345	3	1	1	0	1	0	0
Dan_Tweedle6	Tweedle6	Dan	Drosophila ananassae	Tweedle	71.9	7e-21	161.1	5.3e-48	-89.2	Tweedle/CPT-like	high	confirmed_current_Tweedle_CPT_like	current_Tweedle_label_preserved	CPT_HMM_hit_but_not_delta_strong	moderate_Tweedle_CPT_motif_support	207	3	1	1	0	1	0	0
Dan_Tweedle7	Tweedle7	Dan	Drosophila ananassae	Tweedle	78.9	5.2e-23	194.8	2.7e-58	-115.9	Tweedle/CPT-like	high	confirmed_current_Tweedle_CPT_like	current_Tweedle_label_preserved	CPT_HMM_hit_but_not_delta_strong	weak_Tweedle_CPT_motif_support	206	1	1	0	0	0	0	0
Dan_Tweedle8	Tweedle8	Dan	Drosophila ananassae	Tweedle	125.7	3e-37	222.6	8.4e-67	-96.9	Tweedle/CPT-like	high	confirmed_current_Tweedle_CPT_like	current_Tweedle_label_preserved	CPT_HMM_hit_but_not_delta_strong	moderate_Tweedle_CPT_motif_support	385	4	1	1	1	1	0	0
Dan_Tweedle9	Tweedle9	Dan	Drosophila ananassae	Tweedle	132.9	1.8e-39	136.2	2.1e-40	-3.3	Tweedle/CPT-like	high	confirmed_current_Tweedle_CPT_like	current_Tweedle_label_preserved	CPT_HMM_hit_but_not_delta_strong	strong_Tweedle_CPT_motif_support	195	6	4	2	1	1	1	1
Dgr_Tweedle1	Tweedle1	Dgr	Drosophila grimshawi	Tweedle	80.5	1.7e-23	199.9	7.5e-60	-119.4	Tweedle/CPT-like	high	confirmed_current_Tweedle_CPT_like	current_Tweedle_label_preserved	CPT_HMM_hit_but_not_delta_strong	moderate_Tweedle_CPT_motif_support	300	3	1	1	0	1	0	0
Dgr_Tweedle10	Tweedle10	Dgr	Drosophila grimshawi	Tweedle	40.0	3.4e-11	273.5	2.3e-82	-233.5	Tweedle/CPT-like	high	confirmed_current_Tweedle_CPT_like	current_Tweedle_label_preserved	no_strong_CPT_subgroup_signal	moderate_Tweedle_CPT_motif_support	273	3	2	0	0	0	1	1
Dgr_Tweedle11	Tweedle11	Dgr	Drosophila grimshawi	Tweedle	42.5	5.9e-12	245.6	8e-74	-203.1	Tweedle/CPT-like	high	confirmed_current_Tweedle_CPT_like	current_Tweedle_label_preserved	no_strong_CPT_subgroup_signal	weak_Tweedle_CPT_motif_support	228	1	1	0	0	0	0	0
Dgr_Tweedle12	Tweedle12	Dgr	Drosophila grimshawi	Tweedle	34.3	1.8e-09	257.4	2e-77	-223.1	Tweedle/CPT-like	high	confirmed_current_Tweedle_CPT_like	current_Tweedle_label_preserved	no_strong_CPT_subgroup_signal	moderate_Tweedle_CPT_motif_support	312	3	2	0	0	0	1	1
Dgr_Tweedle13	Tweedle13	Dgr	Drosophila grimshawi	Tweedle	51.8	9e-15	259.6	4.4e-78	-207.8	Tweedle/CPT-like	high	confirmed_current_Tweedle_CPT_like	current_Tweedle_label_preserved	no_strong_CPT_subgroup_signal	moderate_Tweedle_CPT_motif_support	266	3	2	0	0	0	1	1
Dgr_Tweedle14	Tweedle14	Dgr	Drosophila grimshawi	Tweedle	58.9	6.2e-17	251.1	1.7e-75	-192.2	Tweedle/CPT-like	high	confirmed_current_Tweedle_CPT_like	current_Tweedle_label_preserved	no_strong_CPT_subgroup_signal	moderate_Tweedle_CPT_motif_support	223	3	1	0	1	0	1	0
Dgr_Tweedle15	Tweedle15	Dgr	Drosophila grimshawi	Tweedle	30.6	2.6e-08	267.8	1.3e-80	-237.2	Tweedle/CPT-like	high	confirmed_current_Tweedle_CPT_like	current_Tweedle_label_preserved	no_strong_CPT_subgroup_signal	moderate_Tweedle_CPT_motif_support	308	3	2	0	0	0	1	1
Dgr_Tweedle16	Tweedle16	Dgr	Drosophila grimshawi	Tweedle	202.0	1.8e-60	184.3	4.4e-55	17.7	Tweedle/CPT-like	high	confirmed_current_Tweedle_CPT_like	current_Tweedle_label_preserved	CPT_HMM_hit_but_not_delta_strong	strong_Tweedle_CPT_motif_support	293	6	2	2	1	1	1	1
Dgr_Tweedle17	Tweedle17	Dgr	Drosophila grimshawi	Tweedle	153.3	1.2e-45	138.1	5.5e-41	15.2	Tweedle/CPT-like	high	confirmed_current_Tweedle_CPT_like	current_Tweedle_label_preserved	CPT_HMM_hit_but_not_delta_strong	strong_Tweedle_CPT_motif_support	365	6	2	2	1	1	1	1
Dgr_Tweedle18	Tweedle18	Dgr	Drosophila grimshawi	Tweedle	120.2	1.4e-35	223.6	4.2e-67	-103.4	Tweedle/CPT-like	high	confirmed_current_Tweedle_CPT_like	current_Tweedle_label_preserved	CPT_HMM_hit_but_not_delta_strong	moderate_Tweedle_CPT_motif_support	282	3	2	1	0	1	0	0
Dgr_Tweedle19	Tweedle19	Dgr	Drosophila grimshawi	Tweedle	127.2	1e-37	215.7	1.1e-64	-88.5	Tweedle/CPT-like	high	confirmed_current_Tweedle_CPT_like	current_Tweedle_label_preserved	CPT_HMM_hit_but_not_delta_strong	moderate_Tweedle_CPT_motif_support	273	4	1	2	1	1	0	0
Dgr_Tweedle2	Tweedle2	Dgr	Drosophila grimshawi	Tweedle	47.0	2.6e-13	233.7	3.5e-70	-186.7	Tweedle/CPT-like	high	confirmed_current_Tweedle_CPT_like	current_Tweedle_label_preserved	no_strong_CPT_subgroup_signal	moderate_Tweedle_CPT_motif_support	250	3	2	0	0	0	1	1
Dgr_Tweedle20	Tweedle20	Dgr	Drosophila grimshawi	Tweedle	81.5	8.2e-24	217.0	4.3e-65	-135.5	Tweedle/CPT-like	high	confirmed_current_Tweedle_CPT_like	current_Tweedle_label_preserved	CPT_HMM_hit_but_not_delta_strong	strong_Tweedle_CPT_motif_support	361	6	1	1	1	1	1	1
Dgr_Tweedle21	Tweedle21	Dgr	Drosophila grimshawi	Tweedle	42.4	6.6e-12	217.3	3.7e-65	-174.9	Tweedle/CPT-like	high	confirmed_current_Tweedle_CPT_like	current_Tweedle_label_preserved	no_strong_CPT_subgroup_signal	moderate_Tweedle_CPT_motif_support	202	3	1	0	0	0	1	1
Dgr_Tweedle22	Tweedle22	Dgr	Drosophila grimshawi	Tweedle	130.8	8.2e-39	136.5	1.8e-40	-5.7	Tweedle/CPT-like	high	confirmed_current_Tweedle_CPT_like	current_Tweedle_label_preserved	CPT_HMM_hit_but_not_delta_strong	strong_Tweedle_CPT_motif_support	193	6	3	2	1	1	1	1
Dgr_Tweedle23	Tweedle23	Dgr	Drosophila grimshawi	Tweedle	107.8	8e-32	216.9	4.7e-65	-109.1	Tweedle/CPT-like	high	confirmed_current_Tweedle_CPT_like	current_Tweedle_label_preserved	CPT_HMM_hit_but_not_delta_strong	moderate_Tweedle_CPT_motif_support	382	3	0	1	1	1	0	0
Dgr_Tweedle24	Tweedle24	Dgr	Drosophila grimshawi	Tweedle	73.2	2.7e-21	179.7	1.1e-53	-106.5	Tweedle/CPT-like	high	confirmed_current_Tweedle_CPT_like	current_Tweedle_label_preserved	CPT_HMM_hit_but_not_delta_strong	weak_Tweedle_CPT_motif_support	210	1	1	0	0	0	0	0
Dgr_Tweedle25	Tweedle25	Dgr	Drosophila grimshawi	Tweedle	100.6	1.3e-29	208.2	2.2e-62	-107.6	Tweedle/CPT-like	high	confirmed_current_Tweedle_CPT_like	current_Tweedle_label_preserved	CPT_HMM_hit_but_not_delta_strong	moderate_Tweedle_CPT_motif_support	218	4	1	1	1	1	0	0
Dgr_Tweedle26	Tweedle26	Dgr	Drosophila grimshawi	Tweedle	93.9	1.4e-27	205.8	1.2e-61	-111.9	Tweedle/CPT-like	high	confirmed_current_Tweedle_CPT_like	current_Tweedle_label_preserved	CPT_HMM_hit_but_not_delta_strong	moderate_Tweedle_CPT_motif_support	414	3	1	1	0	1	0	0
Dgr_Tweedle27	Tweedle27	Dgr	Drosophila grimshawi	Tweedle	191.8	2.3e-57	151.1	5.9e-45	40.7	Tweedle/CPT-like	high	confirmed_current_Tweedle_CPT_like	current_Tweedle_label_preserved	CPT-like_subgroup_signal_review	moderate_Tweedle_CPT_motif_support	190	4	3	3	1	1	0	0
Dgr_Tweedle3	Tweedle3	Dgr	Drosophila grimshawi	Tweedle	36.6	3.8e-10	219.4	8.2e-66	-182.8	Tweedle/CPT-like	high	confirmed_current_Tweedle_CPT_like	current_Tweedle_label_preserved	no_strong_CPT_subgroup_signal	moderate_Tweedle_CPT_motif_support	244	3	1	0	0	0	1	1
Dgr_Tweedle4	Tweedle4	Dgr	Drosophila grimshawi	Tweedle	37.7	1.7e-10	225.8	8.9e-68	-188.1	Tweedle/CPT-like	high	confirmed_current_Tweedle_CPT_like	current_Tweedle_label_preserved	no_strong_CPT_subgroup_signal	moderate_Tweedle_CPT_motif_support	299	3	1	0	0	0	1	1
Dgr_Tweedle5	Tweedle5	Dgr	Drosophila grimshawi	Tweedle	14.7	0.0017	133.4	1.5e-39	-118.7	Tweedle/CPT-like	high	confirmed_current_Tweedle_CPT_like	current_Tweedle_label_preserved	no_strong_CPT_subgroup_signal	weak_Tweedle_CPT_motif_support	230	1	1	0	0	0	0	0
Dgr_Tweedle6	Tweedle6	Dgr	Drosophila grimshawi	Tweedle	45.7	6.5e-13	243.7	3.1e-73	-198.0	Tweedle/CPT-like	high	confirmed_current_Tweedle_CPT_like	current_Tweedle_label_preserved	no_strong_CPT_subgroup_signal	moderate_Tweedle_CPT_motif_support	237	3	1	0	0	0	1	1
Dgr_Tweedle7	Tweedle7	Dgr	Drosophila grimshawi	Tweedle	54.2	1.6e-15	170.8	5.8e-51	-116.6	Tweedle/CPT-like	high	confirmed_current_Tweedle_CPT_like	current_Tweedle_label_preserved	no_strong_CPT_subgroup_signal	moderate_Tweedle_CPT_motif_support	308	3	1	1	0	1	0	0
Dgr_Tweedle8	Tweedle8	Dgr	Drosophila grimshawi	Tweedle	46.8	3e-13	267.5	1.7e-80	-220.7	Tweedle/CPT-like	high	confirmed_current_Tweedle_CPT_like	current_Tweedle_label_preserved	no_strong_CPT_subgroup_signal	moderate_Tweedle_CPT_motif_support	296	3	2	0	0	0	1	1
Dgr_Tweedle9	Tweedle9	Dgr	Drosophila grimshawi	Tweedle	48.2	1.1e-13	258.1	1.2e-77	-209.9	Tweedle/CPT-like	high	confirmed_current_Tweedle_CPT_like	current_Tweedle_label_preserved	no_strong_CPT_subgroup_signal	moderate_Tweedle_CPT_motif_support	286	3	2	0	0	0	1	1
Dme_CG14638	CG14638	Dme	Drosophila melanogaster	Tweedle	21.2	1.9e-05	134.3	8.3e-40	-113.1	Tweedle/CPT-like	high	confirmed_current_Tweedle_CPT_like	current_Tweedle_label_preserved	no_strong_CPT_subgroup_signal	moderate_Tweedle_CPT_motif_support	156	3	1	0	0	0	1	1
Dme_CG5480	CG5480	Dme	Drosophila melanogaster	Tweedle	51.3	1.3e-14	236.3	5.5e-71	-185.0	Tweedle/CPT-like	high	confirmed_current_Tweedle_CPT_like	current_Tweedle_label_preserved	no_strong_CPT_subgroup_signal	moderate_Tweedle_CPT_motif_support	283	3	1	0	0	0	1	1
Dme_CG6478	CG6478	Dme	Drosophila melanogaster	Tweedle	43.0	4.3e-12	271.7	8.9e-82	-228.7	Tweedle/CPT-like	high	confirmed_current_Tweedle_CPT_like	current_Tweedle_label_preserved	no_strong_CPT_subgroup_signal	moderate_Tweedle_CPT_motif_support	286	3	2	0	0	0	1	1
Dme_TwdlD	TwdlD	Dme	Drosophila melanogaster	Tweedle	45.8	5.8e-13	242.6	6.7e-73	-196.8	Tweedle/CPT-like	high	confirmed_current_Tweedle_CPT_like	current_Tweedle_label_preserved	no_strong_CPT_subgroup_signal	moderate_Tweedle_CPT_motif_support	256	3	2	0	0	0	1	1
Dme_TweedleC	TweedleC	Dme	Drosophila melanogaster	Tweedle	145.6	2.6e-43	143.5	1.3e-42	2.1	Tweedle/CPT-like	high	confirmed_current_Tweedle_CPT_like	current_Tweedle_label_preserved	CPT_HMM_hit_but_not_delta_strong	strong_Tweedle_CPT_motif_support	360	6	2	2	1	1	1	1
Dme_TweedleE	TweedleE	Dme	Drosophila melanogaster	Tweedle	188.4	2.5e-56	156.6	1.3e-46	31.8	Tweedle/CPT-like	high	confirmed_current_Tweedle_CPT_like	current_Tweedle_label_preserved	CPT-like_subgroup_signal_review	moderate_Tweedle_CPT_motif_support	197	4	3	3	1	1	0	0
Dme_TweedleF	TweedleF	Dme	Drosophila melanogaster	Tweedle	101.9	5.3e-30	182.6	1.4e-54	-80.7	Tweedle/CPT-like	high	confirmed_current_Tweedle_CPT_like	current_Tweedle_label_preserved	CPT_HMM_hit_but_not_delta_strong	strong_Tweedle_CPT_motif_support	338	6	2	1	1	1	1	1
Dme_TweedleG	TweedleG	Dme	Drosophila melanogaster	Tweedle	133.5	1.2e-39	231.4	1.8e-69	-97.9	Tweedle/CPT-like	high	confirmed_current_Tweedle_CPT_like	current_Tweedle_label_preserved	CPT_HMM_hit_but_not_delta_strong	moderate_Tweedle_CPT_motif_support	278	4	1	2	1	1	0	0
Dme_TweedleH	TweedleH	Dme	Drosophila melanogaster	Tweedle	43.3	3.5e-12	247.5	2.1e-74	-204.2	Tweedle/CPT-like	high	confirmed_current_Tweedle_CPT_like	current_Tweedle_label_preserved	no_strong_CPT_subgroup_signal	moderate_Tweedle_CPT_motif_support	241	3	1	0	0	0	1	1
Dme_TweedleJ	TweedleJ	Dme	Drosophila melanogaster	Tweedle	46.8	2.9e-13	255.7	6.5e-77	-208.9	Tweedle/CPT-like	high	confirmed_current_Tweedle_CPT_like	current_Tweedle_label_preserved	no_strong_CPT_subgroup_signal	moderate_Tweedle_CPT_motif_support	307	3	2	0	0	0	1	1
Dme_TweedleK	TweedleK	Dme	Drosophila melanogaster	Tweedle	46.0	5.3e-13	259.5	4.4e-78	-213.5	Tweedle/CPT-like	high	confirmed_current_Tweedle_CPT_like	current_Tweedle_label_preserved	no_strong_CPT_subgroup_signal	moderate_Tweedle_CPT_motif_support	247	3	2	0	0	0	1	1
Dme_TweedleL	TweedleL	Dme	Drosophila melanogaster	Tweedle	29.1	7.4e-08	272.1	6.3e-82	-243.0	Tweedle/CPT-like	high	confirmed_current_Tweedle_CPT_like	current_Tweedle_label_preserved	no_strong_CPT_subgroup_signal	moderate_Tweedle_CPT_motif_support	285	3	2	0	0	0	1	1
Dme_TweedleM	TweedleM	Dme	Drosophila melanogaster	Tweedle	73.6	2e-21	270.8	1.6e-81	-197.2	Tweedle/CPT-like	high	confirmed_current_Tweedle_CPT_like	current_Tweedle_label_preserved	CPT_HMM_hit_but_not_delta_strong	moderate_Tweedle_CPT_motif_support	288	3	2	0	0	0	1	1
Dme_TweedleN	TweedleN	Dme	Drosophila melanogaster	Tweedle	67.3	1.7e-19	266.4	3.6e-80	-199.1	Tweedle/CPT-like	high	confirmed_current_Tweedle_CPT_like	current_Tweedle_label_preserved	no_strong_CPT_subgroup_signal	moderate_Tweedle_CPT_motif_support	309	3	2	0	0	0	1	1
Dme_TweedleO	TweedleO	Dme	Drosophila melanogaster	Tweedle	45.7	6.3e-13	244.2	2.2e-73	-198.5	Tweedle/CPT-like	high	confirmed_current_Tweedle_CPT_like	current_Tweedle_label_preserved	no_strong_CPT_subgroup_signal	weak_Tweedle_CPT_motif_support	229	1	1	0	0	0	0	0
Dme_TweedleP	TweedleP	Dme	Drosophila melanogaster	Tweedle	60.5	2.1e-17	257.3	2.1e-77	-196.8	Tweedle/CPT-like	high	confirmed_current_Tweedle_CPT_like	current_Tweedle_label_preserved	no_strong_CPT_subgroup_signal	moderate_Tweedle_CPT_motif_support	237	3	1	0	0	0	1	1
Dme_TweedleQ	TweedleQ	Dme	Drosophila melanogaster	Tweedle	54.3	1.5e-15	227.9	2e-68	-173.6	Tweedle/CPT-like	high	confirmed_current_Tweedle_CPT_like	current_Tweedle_label_preserved	no_strong_CPT_subgroup_signal	moderate_Tweedle_CPT_motif_support	245	3	2	0	0	0	1	1
Dme_TweedleR	TweedleR	Dme	Drosophila melanogaster	Tweedle	59.1	5.4e-17	192.4	1.5e-57	-133.3	Tweedle/CPT-like	high	confirmed_current_Tweedle_CPT_like	current_Tweedle_label_preserved	no_strong_CPT_subgroup_signal	moderate_Tweedle_CPT_motif_support	325	4	1	1	1	1	0	0
Dme_TweedleS	TweedleS	Dme	Drosophila melanogaster	Tweedle	13.2	0.0049	132.1	3.9e-39	-118.9	Tweedle/CPT-like	high	confirmed_current_Tweedle_CPT_like	current_Tweedle_label_preserved	no_strong_CPT_subgroup_signal	no_Tweedle_CPT_motif_support	228	0	0	0	0	0	0	0
Dme_TweedleT	TweedleT	Dme	Drosophila melanogaster	Tweedle	196.7	7.6e-59	192.9	1e-57	3.8	Tweedle/CPT-like	high	confirmed_current_Tweedle_CPT_like	current_Tweedle_label_preserved	CPT_HMM_hit_but_not_delta_strong	strong_Tweedle_CPT_motif_support	286	6	2	2	1	1	1	1
Dme_TweedleV	TweedleV	Dme	Drosophila melanogaster	Tweedle	101.4	7.2e-30	222.0	1.3e-66	-120.6	Tweedle/CPT-like	high	confirmed_current_Tweedle_CPT_like	current_Tweedle_label_preserved	CPT_HMM_hit_but_not_delta_strong	moderate_Tweedle_CPT_motif_support	251	3	2	1	0	1	0	0
Dme_TweedleW	TweedleW	Dme	Drosophila melanogaster	Tweedle	80.3	2e-23	216.8	5e-65	-136.5	Tweedle/CPT-like	high	confirmed_current_Tweedle_CPT_like	current_Tweedle_label_preserved	CPT_HMM_hit_but_not_delta_strong	moderate_Tweedle_CPT_motif_support	308	3	1	1	0	1	0	0
Dme_TweedleX	TweedleX	Dme	Drosophila melanogaster	Tweedle	117.1	1.2e-34	214.9	2e-64	-97.8	Tweedle/CPT-like	high	confirmed_current_Tweedle_CPT_like	current_Tweedle_label_preserved	CPT_HMM_hit_but_not_delta_strong	moderate_Tweedle_CPT_motif_support	346	3	1	1	0	1	0	0
Dme_TweedleY	TweedleY	Dme	Drosophila melanogaster	Tweedle	112.6	2.8e-33	208.9	1.3e-62	-96.3	Tweedle/CPT-like	high	confirmed_current_Tweedle_CPT_like	current_Tweedle_label_preserved	CPT_HMM_hit_but_not_delta_strong	moderate_Tweedle_CPT_motif_support	228	4	1	1	1	1	0	0
Dme_TweedleZ	TweedleZ	Dme	Drosophila melanogaster	Tweedle	75.9	4.1e-22	195.1	2.2e-58	-119.2	Tweedle/CPT-like	high	confirmed_current_Tweedle_CPT_like	current_Tweedle_label_preserved	CPT_HMM_hit_but_not_delta_strong	weak_Tweedle_CPT_motif_support	223	1	1	0	0	0	0	0
Dme_Tweedlealpha	Tweedlealpha	Dme	Drosophila melanogaster	Tweedle	101.1	8.7e-30	235.5	9.9e-71	-134.4	Tweedle/CPT-like	high	confirmed_current_Tweedle_CPT_like	current_Tweedle_label_preserved	CPT_HMM_hit_but_not_delta_strong	moderate_Tweedle_CPT_motif_support	424	4	3	1	1	1	0	0
Dme_Tweedlebeta	Tweedlebeta	Dme	Drosophila melanogaster	Tweedle	136.1	2e-40	139.0	3e-41	-2.9	Tweedle/CPT-like	high	confirmed_current_Tweedle_CPT_like	current_Tweedle_label_preserved	CPT_HMM_hit_but_not_delta_strong	strong_Tweedle_CPT_motif_support	198	6	3	2	1	1	1	1
Dmo_Tweedle1	Tweedle1	Dmo	Drosophila mojavensis	Tweedle	130.8	8.2e-39	219.8	6.3e-66	-89.0	Tweedle/CPT-like	high	confirmed_current_Tweedle_CPT_like	current_Tweedle_label_preserved	CPT_HMM_hit_but_not_delta_strong	moderate_Tweedle_CPT_motif_support	369	3	0	1	1	1	0	0
Dmo_Tweedle10	Tweedle10	Dmo	Drosophila mojavensis	Tweedle	49.0	6.2e-14	228.4	1.5e-68	-179.4	Tweedle/CPT-like	high	confirmed_current_Tweedle_CPT_like	current_Tweedle_label_preserved	no_strong_CPT_subgroup_signal	moderate_Tweedle_CPT_motif_support	288	3	3	0	0	0	1	1
Dmo_Tweedle11	Tweedle11	Dmo	Drosophila mojavensis	Tweedle	55.6	6.1e-16	220.2	4.6e-66	-164.6	Tweedle/CPT-like	high	confirmed_current_Tweedle_CPT_like	current_Tweedle_label_preserved	no_strong_CPT_subgroup_signal	moderate_Tweedle_CPT_motif_support	285	3	1	0	0	0	1	1
Dmo_Tweedle12	Tweedle12	Dmo	Drosophila mojavensis	Tweedle	55.6	6e-16	241.9	1.1e-72	-186.3	Tweedle/CPT-like	high	confirmed_current_Tweedle_CPT_like	current_Tweedle_label_preserved	no_strong_CPT_subgroup_signal	moderate_Tweedle_CPT_motif_support	255	3	2	0	0	0	1	1
Dmo_Tweedle13	Tweedle13	Dmo	Drosophila mojavensis	Tweedle	14.6	0.0019	126.2	2.4e-37	-111.6	Tweedle/CPT-like	high	confirmed_current_Tweedle_CPT_like	current_Tweedle_label_preserved	no_strong_CPT_subgroup_signal	no_Tweedle_CPT_motif_support	220	0	0	0	0	0	0	0
Dmo_Tweedle14	Tweedle14	Dmo	Drosophila mojavensis	Tweedle	33.2	4.2e-09	228.4	1.5e-68	-195.2	Tweedle/CPT-like	high	confirmed_current_Tweedle_CPT_like	current_Tweedle_label_preserved	no_strong_CPT_subgroup_signal	weak_Tweedle_CPT_motif_support	235	1	1	0	0	0	0	0
Dmo_Tweedle15	Tweedle15	Dmo	Drosophila mojavensis	Tweedle	55.3	7.6e-16	156.8	1.1e-46	-101.5	Tweedle/CPT-like	high	confirmed_current_Tweedle_CPT_like	current_Tweedle_label_preserved	no_strong_CPT_subgroup_signal	moderate_Tweedle_CPT_motif_support	304	4	1	1	1	1	0	0
Dmo_Tweedle16	Tweedle16	Dmo	Drosophila mojavensis	Tweedle	48.4	9.9e-14	263.3	3.2e-79	-214.9	Tweedle/CPT-like	high	confirmed_current_Tweedle_CPT_like	current_Tweedle_label_preserved	no_strong_CPT_subgroup_signal	moderate_Tweedle_CPT_motif_support	308	3	2	0	0	0	1	1
Dmo_Tweedle17	Tweedle17	Dmo	Drosophila mojavensis	Tweedle	49.6	4.1e-14	241.0	2e-72	-191.4	Tweedle/CPT-like	high	confirmed_current_Tweedle_CPT_like	current_Tweedle_label_preserved	no_strong_CPT_subgroup_signal	weak_Tweedle_CPT_motif_support	277	1	1	0	0	0	0	0
Dmo_Tweedle18	Tweedle18	Dmo	Drosophila mojavensis	Tweedle	48.6	8.2e-14	244.8	1.4e-73	-196.2	Tweedle/CPT-like	high	confirmed_current_Tweedle_CPT_like	current_Tweedle_label_preserved	no_strong_CPT_subgroup_signal	weak_Tweedle_CPT_motif_support	227	1	1	0	0	0	0	0
Dmo_Tweedle19	Tweedle19	Dmo	Drosophila mojavensis	Tweedle	46.3	4.2e-13	259.4	4.8e-78	-213.1	Tweedle/CPT-like	high	confirmed_current_Tweedle_CPT_like	current_Tweedle_label_preserved	no_strong_CPT_subgroup_signal	moderate_Tweedle_CPT_motif_support	315	3	2	0	0	0	1	1
Dmo_Tweedle2	Tweedle2	Dmo	Drosophila mojavensis	Tweedle	80.7	1.4e-23	189.3	1.3e-56	-108.6	Tweedle/CPT-like	high	confirmed_current_Tweedle_CPT_like	current_Tweedle_label_preserved	CPT_HMM_hit_but_not_delta_strong	weak_Tweedle_CPT_motif_support	206	1	1	0	0	0	0	0
Dmo_Tweedle20	Tweedle20	Dmo	Drosophila mojavensis	Tweedle	43.7	2.5e-12	265.7	5.8e-80	-222.0	Tweedle/CPT-like	high	confirmed_current_Tweedle_CPT_like	current_Tweedle_label_preserved	no_strong_CPT_subgroup_signal	moderate_Tweedle_CPT_motif_support	280	3	2	0	0	0	1	1
Dmo_Tweedle21	Tweedle21	Dmo	Drosophila mojavensis	Tweedle	51.2	1.4e-14	240.6	2.7e-72	-189.4	Tweedle/CPT-like	high	confirmed_current_Tweedle_CPT_like	current_Tweedle_label_preserved	no_strong_CPT_subgroup_signal	weak_Tweedle_CPT_motif_support	231	2	1	0	1	0	0	0
Dmo_Tweedle22	Tweedle22	Dmo	Drosophila mojavensis	Tweedle	33.7	2.9e-09	259.3	5.1e-78	-225.6	Tweedle/CPT-like	high	confirmed_current_Tweedle_CPT_like	current_Tweedle_label_preserved	no_strong_CPT_subgroup_signal	moderate_Tweedle_CPT_motif_support	295	3	2	0	0	0	1	1
Dmo_Tweedle23	Tweedle23	Dmo	Drosophila mojavensis	Tweedle	40.0	3.4e-11	210.2	5.2e-63	-170.2	Tweedle/CPT-like	high	confirmed_current_Tweedle_CPT_like	current_Tweedle_label_preserved	no_strong_CPT_subgroup_signal	moderate_Tweedle_CPT_motif_support	240	3	1	0	0	0	1	1
Dmo_Tweedle24	Tweedle24	Dmo	Drosophila mojavensis	Tweedle	82.3	4.6e-24	174.2	5.3e-52	-91.9	Tweedle/CPT-like	high	confirmed_current_Tweedle_CPT_like	current_Tweedle_label_preserved	CPT_HMM_hit_but_not_delta_strong	strong_Tweedle_CPT_motif_support	354	6	1	1	1	1	1	1
Dmo_Tweedle25	Tweedle25	Dmo	Drosophila mojavensis	Tweedle	120.7	9.5e-36	221.0	2.7e-66	-100.3	Tweedle/CPT-like	high	confirmed_current_Tweedle_CPT_like	current_Tweedle_label_preserved	CPT_HMM_hit_but_not_delta_strong	moderate_Tweedle_CPT_motif_support	295	4	1	2	1	1	0	0
Dmo_Tweedle26	Tweedle26	Dmo	Drosophila mojavensis	Tweedle	106.2	2.5e-31	231.2	2.1e-69	-125.0	Tweedle/CPT-like	high	confirmed_current_Tweedle_CPT_like	current_Tweedle_label_preserved	CPT_HMM_hit_but_not_delta_strong	moderate_Tweedle_CPT_motif_support	296	3	2	1	0	1	0	0
Dmo_Tweedle3	Tweedle3	Dmo	Drosophila mojavensis	Tweedle	105.9	3.2e-31	208.5	1.7e-62	-102.6	Tweedle/CPT-like	high	confirmed_current_Tweedle_CPT_like	current_Tweedle_label_preserved	CPT_HMM_hit_but_not_delta_strong	moderate_Tweedle_CPT_motif_support	229	4	1	1	1	1	0	0
Dmo_Tweedle4	Tweedle4	Dmo	Drosophila mojavensis	Tweedle	114.4	8.2e-34	207.9	2.7e-62	-93.5	Tweedle/CPT-like	high	confirmed_current_Tweedle_CPT_like	current_Tweedle_label_preserved	CPT_HMM_hit_but_not_delta_strong	strong_Tweedle_CPT_motif_support	372	5	2	1	0	1	1	1
Dmo_Tweedle5	Tweedle5	Dmo	Drosophila mojavensis	Tweedle	129.9	1.6e-38	132.3	3.4e-39	-2.4	Tweedle/CPT-like	high	confirmed_current_Tweedle_CPT_like	current_Tweedle_label_preserved	CPT_HMM_hit_but_not_delta_strong	strong_Tweedle_CPT_motif_support	201	6	3	2	1	1	1	1
Dmo_Tweedle6	Tweedle6	Dmo	Drosophila mojavensis	Tweedle	195.7	1.5e-58	149.2	2.3e-44	46.5	Tweedle/CPT-like	high	confirmed_current_Tweedle_CPT_like	current_Tweedle_label_preserved	CPT-like_subgroup_signal_review	moderate_Tweedle_CPT_motif_support	190	4	3	3	1	1	0	0
Dmo_Tweedle7	Tweedle7	Dmo	Drosophila mojavensis	Tweedle	150.6	7.8e-45	143.4	1.4e-42	7.2	Tweedle/CPT-like	high	confirmed_current_Tweedle_CPT_like	current_Tweedle_label_preserved	CPT_HMM_hit_but_not_delta_strong	strong_Tweedle_CPT_motif_support	357	6	2	2	1	1	1	1
Dmo_Tweedle8	Tweedle8	Dmo	Drosophila mojavensis	Tweedle	219.6	7.7e-66	187.2	5.4e-56	32.4	Tweedle/CPT-like	high	confirmed_current_Tweedle_CPT_like	current_Tweedle_label_preserved	CPT-like_subgroup_signal_review	strong_Tweedle_CPT_motif_support	284	6	2	2	1	1	1	1
Dmo_Tweedle9	Tweedle9	Dmo	Drosophila mojavensis	Tweedle	77.5	1.4e-22	196.3	9e-59	-118.8	Tweedle/CPT-like	high	confirmed_current_Tweedle_CPT_like	current_Tweedle_label_preserved	CPT_HMM_hit_but_not_delta_strong	moderate_Tweedle_CPT_motif_support	328	3	1	1	0	1	0	0
Dps_Tweedle1	Tweedle1	Dps	Drosophila pseudoobscura	Tweedle	13.4	0.0043	261.8	8.9e-79	-248.4	Tweedle/CPT-like	high	confirmed_current_Tweedle_CPT_like	current_Tweedle_label_preserved	no_strong_CPT_subgroup_signal	moderate_Tweedle_CPT_motif_support	329	3	2	0	0	0	1	1
Dps_Tweedle12	Tweedle12	Dps	Drosophila pseudoobscura	Tweedle	65.4	6.7e-19	160.7	7e-48	-95.3	Tweedle/CPT-like	high	confirmed_current_Tweedle_CPT_like	current_Tweedle_label_preserved	no_strong_CPT_subgroup_signal	moderate_Tweedle_CPT_motif_support	399	3	1	1	0	1	0	0
Dps_Tweedle14	Tweedle14	Dps	Drosophila pseudoobscura	Tweedle	75.7	4.7e-22	218.8	1.2e-65	-143.1	Tweedle/CPT-like	high	confirmed_current_Tweedle_CPT_like	current_Tweedle_label_preserved	CPT_HMM_hit_but_not_delta_strong	moderate_Tweedle_CPT_motif_support	314	3	1	1	0	1	0	0
Dps_Tweedle15	Tweedle15	Dps	Drosophila pseudoobscura	Tweedle	132.2	3.1e-39	137.9	6.7e-41	-5.7	Tweedle/CPT-like	high	confirmed_current_Tweedle_CPT_like	current_Tweedle_label_preserved	CPT_HMM_hit_but_not_delta_strong	strong_Tweedle_CPT_motif_support	197	6	3	2	1	1	1	1
Dps_Tweedle17	Tweedle17	Dps	Drosophila pseudoobscura	Tweedle	53.8	2.2e-15	264.6	1.2e-79	-210.8	Tweedle/CPT-like	high	confirmed_current_Tweedle_CPT_like	current_Tweedle_label_preserved	no_strong_CPT_subgroup_signal	moderate_Tweedle_CPT_motif_support	316	3	2	0	0	0	1	1
Dps_Tweedle18	Tweedle18	Dps	Drosophila pseudoobscura	Tweedle	64.7	1e-18	170.4	7.4e-51	-105.7	Tweedle/CPT-like	high	confirmed_current_Tweedle_CPT_like	current_Tweedle_label_preserved	no_strong_CPT_subgroup_signal	moderate_Tweedle_CPT_motif_support	229	4	1	1	1	1	0	0
Dps_Tweedle19	Tweedle19	Dps	Drosophila pseudoobscura	Tweedle	40.8	1.9e-11	254.4	1.7e-76	-213.6	Tweedle/CPT-like	high	confirmed_current_Tweedle_CPT_like	current_Tweedle_label_preserved	no_strong_CPT_subgroup_signal	moderate_Tweedle_CPT_motif_support	264	3	1	0	0	0	1	1
Dps_Tweedle20	Tweedle20	Dps	Drosophila pseudoobscura	Tweedle	17.7	0.00021	137.5	8.3e-41	-119.8	Tweedle/CPT-like	high	confirmed_current_Tweedle_CPT_like	current_Tweedle_label_preserved	no_strong_CPT_subgroup_signal	no_Tweedle_CPT_motif_support	236	0	0	0	0	0	0	0
Dps_Tweedle21	Tweedle21	Dps	Drosophila pseudoobscura	Tweedle	46.5	3.7e-13	240.8	2.3e-72	-194.3	Tweedle/CPT-like	high	confirmed_current_Tweedle_CPT_like	current_Tweedle_label_preserved	no_strong_CPT_subgroup_signal	moderate_Tweedle_CPT_motif_support	254	3	2	0	0	0	1	1
Dps_Tweedle22	Tweedle22	Dps	Drosophila pseudoobscura	Tweedle	55.2	8e-16	236.1	6.3e-71	-180.9	Tweedle/CPT-like	high	confirmed_current_Tweedle_CPT_like	current_Tweedle_label_preserved	no_strong_CPT_subgroup_signal	moderate_Tweedle_CPT_motif_support	297	3	1	0	0	0	1	1
Dps_Tweedle23	Tweedle23	Dps	Drosophila pseudoobscura	Tweedle	57.8	1.3e-16	235.9	7.5e-71	-178.1	Tweedle/CPT-like	high	confirmed_current_Tweedle_CPT_like	current_Tweedle_label_preserved	no_strong_CPT_subgroup_signal	moderate_Tweedle_CPT_motif_support	247	3	2	0	0	0	1	1
Dps_Tweedle24	Tweedle24	Dps	Drosophila pseudoobscura	Tweedle	210.9	3.5e-63	191.2	3.4e-57	19.7	Tweedle/CPT-like	high	confirmed_current_Tweedle_CPT_like	current_Tweedle_label_preserved	CPT_HMM_hit_but_not_delta_strong	strong_Tweedle_CPT_motif_support	293	6	2	2	1	1	1	1
Dps_Tweedle27	Tweedle27	Dps	Drosophila pseudoobscura	Tweedle	156.3	1.4e-46	137.8	6.9e-41	18.5	Tweedle/CPT-like	high	confirmed_current_Tweedle_CPT_like	current_Tweedle_label_preserved	CPT_HMM_hit_but_not_delta_strong	strong_Tweedle_CPT_motif_support	375	6	2	2	1	1	1	1
Dps_Tweedle28	Tweedle28	Dps	Drosophila pseudoobscura	Tweedle	103.9	1.3e-30	202.7	1e-60	-98.8	Tweedle/CPT-like	high	confirmed_current_Tweedle_CPT_like	current_Tweedle_label_preserved	CPT_HMM_hit_but_not_delta_strong	moderate_Tweedle_CPT_motif_support	245	3	2	1	0	1	0	0
Dps_Tweedle29	Tweedle29	Dps	Drosophila pseudoobscura	Tweedle	124.1	8.9e-37	210.0	6e-63	-85.9	Tweedle/CPT-like	high	confirmed_current_Tweedle_CPT_like	current_Tweedle_label_preserved	CPT_HMM_hit_but_not_delta_strong	moderate_Tweedle_CPT_motif_support	291	4	1	2	1	1	0	0
Dps_Tweedle3	Tweedle3	Dps	Drosophila pseudoobscura	Tweedle	33.5	3.3e-09	261.8	9.4e-79	-228.3	Tweedle/CPT-like	high	confirmed_current_Tweedle_CPT_like	current_Tweedle_label_preserved	no_strong_CPT_subgroup_signal	moderate_Tweedle_CPT_motif_support	331	3	2	0	0	0	1	1
Dps_Tweedle30	Tweedle30	Dps	Drosophila pseudoobscura	Tweedle	98.1	7.1e-29	173.1	1.2e-51	-75.0	Tweedle/CPT-like	high	confirmed_current_Tweedle_CPT_like	current_Tweedle_label_preserved	CPT_HMM_hit_but_not_delta_strong	strong_Tweedle_CPT_motif_support	337	6	1	1	1	1	1	1
Dps_Tweedle32	Tweedle32	Dps	Drosophila pseudoobscura	Tweedle	107.7	8.6e-32	204.3	3.3e-61	-96.6	Tweedle/CPT-like	high	confirmed_current_Tweedle_CPT_like	current_Tweedle_label_preserved	CPT_HMM_hit_but_not_delta_strong	moderate_Tweedle_CPT_motif_support	369	3	1	1	0	1	0	0
Dps_Tweedle33	Tweedle33	Dps	Drosophila pseudoobscura	Tweedle	115.5	3.7e-34	211.6	2e-63	-96.1	Tweedle/CPT-like	high	confirmed_current_Tweedle_CPT_like	current_Tweedle_label_preserved	CPT_HMM_hit_but_not_delta_strong	moderate_Tweedle_CPT_motif_support	235	4	1	1	1	1	0	0
Dps_Tweedle34	Tweedle34	Dps	Drosophila pseudoobscura	Tweedle	77.7	1.2e-22	197.3	4.5e-59	-119.6	Tweedle/CPT-like	high	confirmed_current_Tweedle_CPT_like	current_Tweedle_label_preserved	CPT_HMM_hit_but_not_delta_strong	weak_Tweedle_CPT_motif_support	217	1	1	0	0	0	0	0
Dps_Tweedle35	Tweedle35	Dps	Drosophila pseudoobscura	Tweedle	136.8	1.3e-40	225.3	1.3e-67	-88.5	Tweedle/CPT-like	high	confirmed_current_Tweedle_CPT_like	current_Tweedle_label_preserved	CPT_HMM_hit_but_not_delta_strong	moderate_Tweedle_CPT_motif_support	349	4	1	1	1	1	0	0
Dps_Tweedle36	Tweedle36	Dps	Drosophila pseudoobscura	Tweedle	192.4	1.5e-57	149.7	1.6e-44	42.7	Tweedle/CPT-like	high	confirmed_current_Tweedle_CPT_like	current_Tweedle_label_preserved	CPT-like_subgroup_signal_review	moderate_Tweedle_CPT_motif_support	191	4	3	3	1	1	0	0
Dps_Tweedle4	Tweedle4	Dps	Drosophila pseudoobscura	Tweedle	55.1	8.7e-16	254.6	1.4e-76	-199.5	Tweedle/CPT-like	high	confirmed_current_Tweedle_CPT_like	current_Tweedle_label_preserved	no_strong_CPT_subgroup_signal	moderate_Tweedle_CPT_motif_support	225	3	1	0	0	0	1	1
Dps_Tweedle5	Tweedle5	Dps	Drosophila pseudoobscura	Tweedle	40.9	1.8e-11	270.5	2e-81	-229.6	Tweedle/CPT-like	high	confirmed_current_Tweedle_CPT_like	current_Tweedle_label_preserved	no_strong_CPT_subgroup_signal	moderate_Tweedle_CPT_motif_support	290	3	2	0	0	0	1	1
Dps_Tweedle6	Tweedle6	Dps	Drosophila pseudoobscura	Tweedle	15.7	0.00086	258.9	7.1e-78	-243.2	Tweedle/CPT-like	high	confirmed_current_Tweedle_CPT_like	current_Tweedle_label_preserved	no_strong_CPT_subgroup_signal	moderate_Tweedle_CPT_motif_support	290	3	2	0	0	0	1	1
Dps_Tweedle7	Tweedle7	Dps	Drosophila pseudoobscura	Tweedle	51.3	1.3e-14	251.0	1.9e-75	-199.7	Tweedle/CPT-like	high	confirmed_current_Tweedle_CPT_like	current_Tweedle_label_preserved	no_strong_CPT_subgroup_signal	moderate_Tweedle_CPT_motif_support	230	3	1	0	0	0	1	1
Dps_Tweedle8	Tweedle8	Dps	Drosophila pseudoobscura	Tweedle	46.3	4.2e-13	267.6	1.5e-80	-221.3	Tweedle/CPT-like	high	confirmed_current_Tweedle_CPT_like	current_Tweedle_label_preserved	no_strong_CPT_subgroup_signal	moderate_Tweedle_CPT_motif_support	277	3	2	0	0	0	1	1
Dps_Tweedle9	Tweedle9	Dps	Drosophila pseudoobscura	Tweedle	44.4	1.6e-12	263.0	4e-79	-218.6	Tweedle/CPT-like	high	confirmed_current_Tweedle_CPT_like	current_Tweedle_label_preserved	no_strong_CPT_subgroup_signal	moderate_Tweedle_CPT_motif_support	309	3	2	0	0	0	1	1
Dsu_Tubby-like	Tubby-like	Dsu	Drosophila suzukii	Tweedle	45.0	1.1e-12	239.3	6.8e-72	-194.3	Tweedle/CPT-like	high	confirmed_current_Tweedle_CPT_like	current_Tweedle_label_preserved	no_strong_CPT_subgroup_signal	moderate_Tweedle_CPT_motif_support	278	3	1	0	0	0	1	1
Dsu_TwdlC-like	TwdlC-like	Dsu	Drosophila suzukii	Tweedle	154.5	5.1e-46	144.8	5e-43	9.7	Tweedle/CPT-like	high	confirmed_current_Tweedle_CPT_like	current_Tweedle_label_preserved	CPT_HMM_hit_but_not_delta_strong	strong_Tweedle_CPT_motif_support	361	6	2	2	1	1	1	1
Dsu_TwdlF	TwdlF	Dsu	Drosophila suzukii	Tweedle	101.1	9.2e-30	223.8	3.8e-67	-122.7	Tweedle/CPT-like	high	confirmed_current_Tweedle_CPT_like	current_Tweedle_label_preserved	CPT_HMM_hit_but_not_delta_strong	strong_Tweedle_CPT_motif_support	326	6	1	1	1	1	1	1
Dsu_TwdlG	TwdlG	Dsu	Drosophila suzukii	Tweedle	128.0	5.7e-38	233.5	4.1e-70	-105.5	Tweedle/CPT-like	high	confirmed_current_Tweedle_CPT_like	current_Tweedle_label_preserved	CPT_HMM_hit_but_not_delta_strong	moderate_Tweedle_CPT_motif_support	281	4	1	2	1	1	0	0
Dsu_TwdlJ-like	TwdlJ-like	Dsu	Drosophila suzukii	Tweedle	50.2	2.8e-14	256.9	2.8e-77	-206.7	Tweedle/CPT-like	high	confirmed_current_Tweedle_CPT_like	current_Tweedle_label_preserved	no_strong_CPT_subgroup_signal	moderate_Tweedle_CPT_motif_support	291	3	2	0	0	0	1	1
Dsu_TwdlT-like	TwdlT-like	Dsu	Drosophila suzukii	Tweedle	263.1	4.7e-79	190.6	5.1e-57	72.5	Tweedle/CPT-like	high	confirmed_current_Tweedle_CPT_like	current_Tweedle_label_preserved	CPT-like_subgroup_signal_review	strong_Tweedle_CPT_motif_support	306	6	2	2	1	1	1	1
Dsu_TwdlV	TwdlV	Dsu	Drosophila suzukii	Tweedle	99.3	3.1e-29	225.7	1e-67	-126.4	Tweedle/CPT-like	high	confirmed_current_Tweedle_CPT_like	current_Tweedle_label_preserved	CPT_HMM_hit_but_not_delta_strong	moderate_Tweedle_CPT_motif_support	252	3	2	1	0	1	0	0
Dsu_TwdlW-like	TwdlW-like	Dsu	Drosophila suzukii	Tweedle	79.6	3.1e-23	216.4	6.6e-65	-136.8	Tweedle/CPT-like	high	confirmed_current_Tweedle_CPT_like	current_Tweedle_label_preserved	CPT_HMM_hit_but_not_delta_strong	moderate_Tweedle_CPT_motif_support	306	3	1	1	0	1	0	0
Dvi_Tweedle1	Tweedle1	Dvi	Drosophila virilis	Tweedle	42.3	6.9e-12	226.9	4.1e-68	-184.6	Tweedle/CPT-like	high	confirmed_current_Tweedle_CPT_like	current_Tweedle_label_preserved	no_strong_CPT_subgroup_signal	moderate_Tweedle_CPT_motif_support	215	3	1	0	0	0	1	1
Dvi_Tweedle10	Tweedle10	Dvi	Drosophila virilis	Tweedle	48.0	1.3e-13	192.8	1.1e-57	-144.8	Tweedle/CPT-like	high	confirmed_current_Tweedle_CPT_like	current_Tweedle_label_preserved	no_strong_CPT_subgroup_signal	moderate_Tweedle_CPT_motif_support	297	4	2	1	1	1	0	0
Dvi_Tweedle12	Tweedle12	Dvi	Drosophila virilis	Tweedle	51.7	9.8e-15	248.8	8.2e-75	-197.1	Tweedle/CPT-like	high	confirmed_current_Tweedle_CPT_like	current_Tweedle_label_preserved	no_strong_CPT_subgroup_signal	moderate_Tweedle_CPT_motif_support	284	3	2	0	0	0	1	1
Dvi_Tweedle13	Tweedle13	Dvi	Drosophila virilis	Tweedle	42.9	4.6e-12	250.6	2.5e-75	-207.7	Tweedle/CPT-like	high	confirmed_current_Tweedle_CPT_like	current_Tweedle_label_preserved	no_strong_CPT_subgroup_signal	weak_Tweedle_CPT_motif_support	230	1	1	0	0	0	0	0
Dvi_Tweedle14	Tweedle14	Dvi	Drosophila virilis	Tweedle	34.3	1.9e-09	267.9	1.2e-80	-233.6	Tweedle/CPT-like	high	confirmed_current_Tweedle_CPT_like	current_Tweedle_label_preserved	no_strong_CPT_subgroup_signal	moderate_Tweedle_CPT_motif_support	333	3	2	0	0	0	1	1
Dvi_Tweedle15	Tweedle15	Dvi	Drosophila virilis	Tweedle	37.0	2.8e-10	254.5	1.5e-76	-217.5	Tweedle/CPT-like	high	confirmed_current_Tweedle_CPT_like	current_Tweedle_label_preserved	no_strong_CPT_subgroup_signal	moderate_Tweedle_CPT_motif_support	257	3	2	0	0	0	1	1
Dvi_Tweedle16	Tweedle16	Dvi	Drosophila virilis	Tweedle	57.9	1.2e-16	252.6	6e-76	-194.7	Tweedle/CPT-like	high	confirmed_current_Tweedle_CPT_like	current_Tweedle_label_preserved	no_strong_CPT_subgroup_signal	moderate_Tweedle_CPT_motif_support	226	3	1	0	1	0	1	0
Dvi_Tweedle17	Tweedle17	Dvi	Drosophila virilis	Tweedle	33.3	3.7e-09	268.5	8.2e-81	-235.2	Tweedle/CPT-like	high	confirmed_current_Tweedle_CPT_like	current_Tweedle_label_preserved	no_strong_CPT_subgroup_signal	moderate_Tweedle_CPT_motif_support	265	3	2	0	0	0	1	1
Dvi_Tweedle18	Tweedle18	Dvi	Drosophila virilis	Tweedle	77.2	1.6e-22	213.8	4.1e-64	-136.6	Tweedle/CPT-like	high	confirmed_current_Tweedle_CPT_like	current_Tweedle_label_preserved	CPT_HMM_hit_but_not_delta_strong	moderate_Tweedle_CPT_motif_support	300	3	1	1	0	1	0	0
Dvi_Tweedle19	Tweedle19	Dvi	Drosophila virilis	Tweedle	131.4	5.5e-39	135.1	4.8e-40	-3.7	Tweedle/CPT-like	high	confirmed_current_Tweedle_CPT_like	current_Tweedle_label_preserved	CPT_HMM_hit_but_not_delta_strong	strong_Tweedle_CPT_motif_support	197	6	3	2	1	1	1	1
Dvi_Tweedle2	Tweedle2	Dvi	Drosophila virilis	Tweedle	80.4	1.8e-23	174.2	5.1e-52	-93.8	Tweedle/CPT-like	high	confirmed_current_Tweedle_CPT_like	current_Tweedle_label_preserved	CPT_HMM_hit_but_not_delta_strong	strong_Tweedle_CPT_motif_support	326	6	1	1	1	1	1	1
Dvi_Tweedle20	Tweedle20	Dvi	Drosophila virilis	Tweedle	193.0	9.6e-58	150.9	6.9e-45	42.1	Tweedle/CPT-like	high	confirmed_current_Tweedle_CPT_like	current_Tweedle_label_preserved	CPT-like_subgroup_signal_review	moderate_Tweedle_CPT_motif_support	190	4	3	3	1	1	0	0
Dvi_Tweedle21	Tweedle21	Dvi	Drosophila virilis	Tweedle	112.5	3e-33	212.3	1.2e-63	-99.8	Tweedle/CPT-like	high	confirmed_current_Tweedle_CPT_like	current_Tweedle_label_preserved	CPT_HMM_hit_but_not_delta_strong	strong_Tweedle_CPT_motif_support	387	5	2	1	0	1	1	1
Dvi_Tweedle22	Tweedle22	Dvi	Drosophila virilis	Tweedle	105.7	3.6e-31	209.2	1e-62	-103.5	Tweedle/CPT-like	high	confirmed_current_Tweedle_CPT_like	current_Tweedle_label_preserved	CPT_HMM_hit_but_not_delta_strong	moderate_Tweedle_CPT_motif_support	224	4	1	1	1	1	0	0
Dvi_Tweedle23	Tweedle23	Dvi	Drosophila virilis	Tweedle	27.1	2.8e-07	120.5	1.3e-35	-93.4	Tweedle/CPT-like	high	confirmed_current_Tweedle_CPT_like	current_Tweedle_label_preserved	no_strong_CPT_subgroup_signal	weak_Tweedle_CPT_motif_support	200	1	1	0	0	0	0	0
Dvi_Tweedle24	Tweedle24	Dvi	Drosophila virilis	Tweedle	121.4	6.2e-36	223.1	6.1e-67	-101.7	Tweedle/CPT-like	high	confirmed_current_Tweedle_CPT_like	current_Tweedle_label_preserved	CPT_HMM_hit_but_not_delta_strong	moderate_Tweedle_CPT_motif_support	363	3	0	1	1	1	0	0
Dvi_Tweedle25	Tweedle25	Dvi	Drosophila virilis	Tweedle	227.5	3e-68	188.7	1.9e-56	38.8	Tweedle/CPT-like	high	confirmed_current_Tweedle_CPT_like	current_Tweedle_label_preserved	CPT-like_subgroup_signal_review	strong_Tweedle_CPT_motif_support	283	6	2	2	1	1	1	1
Dvi_Tweedle26	Tweedle26	Dvi	Drosophila virilis	Tweedle	156.0	1.8e-46	144.0	8.9e-43	12.0	Tweedle/CPT-like	high	confirmed_current_Tweedle_CPT_like	current_Tweedle_label_preserved	CPT_HMM_hit_but_not_delta_strong	strong_Tweedle_CPT_motif_support	369	6	2	2	1	1	1	1
Dvi_Tweedle3	Tweedle3	Dvi	Drosophila virilis	Tweedle	120.8	9.4e-36	233.1	5.5e-70	-112.3	Tweedle/CPT-like	high	confirmed_current_Tweedle_CPT_like	current_Tweedle_label_preserved	CPT_HMM_hit_but_not_delta_strong	moderate_Tweedle_CPT_motif_support	281	4	1	2	1	1	0	0
Dvi_Tweedle4	Tweedle4	Dvi	Drosophila virilis	Tweedle	104.0	1.1e-30	219.0	1e-65	-115.0	Tweedle/CPT-like	high	confirmed_current_Tweedle_CPT_like	current_Tweedle_label_preserved	CPT_HMM_hit_but_not_delta_strong	moderate_Tweedle_CPT_motif_support	264	3	2	1	0	1	0	0
Dvi_Tweedle5	Tweedle5	Dvi	Drosophila virilis	Tweedle	49.2	5.4e-14	236.4	5.2e-71	-187.2	Tweedle/CPT-like	high	confirmed_current_Tweedle_CPT_like	current_Tweedle_label_preserved	no_strong_CPT_subgroup_signal	moderate_Tweedle_CPT_motif_support	274	3	2	0	0	0	1	1
Dvi_Tweedle6	Tweedle6	Dvi	Drosophila virilis	Tweedle	46.6	3.4e-13	219.0	1.1e-65	-172.4	Tweedle/CPT-like	high	confirmed_current_Tweedle_CPT_like	current_Tweedle_label_preserved	no_strong_CPT_subgroup_signal	moderate_Tweedle_CPT_motif_support	250	3	1	0	0	0	1	1
Dvi_Tweedle7	Tweedle7	Dvi	Drosophila virilis	Tweedle	48.5	9e-14	245.1	1.1e-73	-196.6	Tweedle/CPT-like	high	confirmed_current_Tweedle_CPT_like	current_Tweedle_label_preserved	no_strong_CPT_subgroup_signal	moderate_Tweedle_CPT_motif_support	255	3	1	0	0	0	1	1
Dvi_Tweedle8	Tweedle8	Dvi	Drosophila virilis	Tweedle	20.9	2.3e-05	134.7	5.9e-40	-113.8	Tweedle/CPT-like	high	confirmed_current_Tweedle_CPT_like	current_Tweedle_label_preserved	no_strong_CPT_subgroup_signal	no_Tweedle_CPT_motif_support	219	0	0	0	0	0	0	0
Dvi_Tweedle9	Tweedle9	Dvi	Drosophila virilis	Tweedle	36.8	3.3e-10	235.3	1.1e-70	-198.5	Tweedle/CPT-like	high	confirmed_current_Tweedle_CPT_like	current_Tweedle_label_preserved	no_strong_CPT_subgroup_signal	weak_Tweedle_CPT_motif_support	232	1	1	0	0	0	0	0
Dwi_Tweedle1	Tweedle1	Dwi	Drosophila willistoni	Tweedle	191.5	2.8e-57	149.5	1.8e-44	42.0	Tweedle/CPT-like	high	confirmed_current_Tweedle_CPT_like	current_Tweedle_label_preserved	CPT-like_subgroup_signal_review	moderate_Tweedle_CPT_motif_support	190	4	3	3	1	1	0	0
Dwi_Tweedle10	Tweedle10	Dwi	Drosophila willistoni	Tweedle	102.0	4.9e-30	222.3	1e-66	-120.3	Tweedle/CPT-like	high	confirmed_current_Tweedle_CPT_like	current_Tweedle_label_preserved	CPT_HMM_hit_but_not_delta_strong	moderate_Tweedle_CPT_motif_support	265	3	2	1	0	1	0	0
Dwi_Tweedle11	Tweedle11	Dwi	Drosophila willistoni	Tweedle	123.4	1.5e-36	212.6	9.4e-64	-89.2	Tweedle/CPT-like	high	confirmed_current_Tweedle_CPT_like	current_Tweedle_label_preserved	CPT_HMM_hit_but_not_delta_strong	moderate_Tweedle_CPT_motif_support	292	4	1	2	1	1	0	0
Dwi_Tweedle12	Tweedle12	Dwi	Drosophila willistoni	Tweedle	101.3	8e-30	174.2	5.4e-52	-72.9	Tweedle/CPT-like	high	confirmed_current_Tweedle_CPT_like	current_Tweedle_label_preserved	CPT_HMM_hit_but_not_delta_strong	strong_Tweedle_CPT_motif_support	325	6	1	1	1	1	1	1
Dwi_Tweedle13	Tweedle13	Dwi	Drosophila willistoni	Tweedle	47.9	1.3e-13	226.7	4.8e-68	-178.8	Tweedle/CPT-like	high	confirmed_current_Tweedle_CPT_like	current_Tweedle_label_preserved	no_strong_CPT_subgroup_signal	moderate_Tweedle_CPT_motif_support	225	3	1	0	0	0	1	1
Dwi_Tweedle14	Tweedle14	Dwi	Drosophila willistoni	Tweedle	107.4	1.1e-31	117.1	1.4e-34	-9.7	Tweedle/CPT-like	high	confirmed_current_Tweedle_CPT_like	current_Tweedle_label_preserved	CPT_HMM_hit_but_not_delta_strong	strong_Tweedle_CPT_motif_support	428	6	3	2	1	1	1	1
Dwi_Tweedle15	Tweedle15	Dwi	Drosophila willistoni	Tweedle	53.6	2.5e-15	224.8	1.9e-67	-171.2	Tweedle/CPT-like	high	confirmed_current_Tweedle_CPT_like	current_Tweedle_label_preserved	no_strong_CPT_subgroup_signal	moderate_Tweedle_CPT_motif_support	232	3	2	0	0	0	1	1
Dwi_Tweedle16	Tweedle16	Dwi	Drosophila willistoni	Tweedle	57.2	2e-16	229.9	5.1e-69	-172.7	Tweedle/CPT-like	high	confirmed_current_Tweedle_CPT_like	current_Tweedle_label_preserved	no_strong_CPT_subgroup_signal	moderate_Tweedle_CPT_motif_support	274	3	1	0	0	0	1	1
Dwi_Tweedle17	Tweedle17	Dwi	Drosophila willistoni	Tweedle	48.5	9.1e-14	238.7	1.1e-71	-190.2	Tweedle/CPT-like	high	confirmed_current_Tweedle_CPT_like	current_Tweedle_label_preserved	no_strong_CPT_subgroup_signal	moderate_Tweedle_CPT_motif_support	260	3	2	0	0	0	1	1
Dwi_Tweedle18	Tweedle18	Dwi	Drosophila willistoni	Tweedle	13.9	0.0029	132.6	2.7e-39	-118.7	Tweedle/CPT-like	high	confirmed_current_Tweedle_CPT_like	current_Tweedle_label_preserved	no_strong_CPT_subgroup_signal	no_Tweedle_CPT_motif_support	221	0	0	0	0	0	0	0
Dwi_Tweedle19	Tweedle19	Dwi	Drosophila willistoni	Tweedle	43.7	2.7e-12	248.6	9.9e-75	-204.9	Tweedle/CPT-like	high	confirmed_current_Tweedle_CPT_like	current_Tweedle_label_preserved	no_strong_CPT_subgroup_signal	moderate_Tweedle_CPT_motif_support	246	3	1	0	0	0	1	1
Dwi_Tweedle2	Tweedle2	Dwi	Drosophila willistoni	Tweedle	131.6	4.9e-39	133.4	1.5e-39	-1.8	Tweedle/CPT-like	high	confirmed_current_Tweedle_CPT_like	current_Tweedle_label_preserved	CPT_HMM_hit_but_not_delta_strong	strong_Tweedle_CPT_motif_support	195	6	4	2	1	1	1	1
Dwi_Tweedle20	Tweedle20	Dwi	Drosophila willistoni	Tweedle	55.4	7e-16	167.6	5.5e-50	-112.2	Tweedle/CPT-like	high	confirmed_current_Tweedle_CPT_like	current_Tweedle_label_preserved	no_strong_CPT_subgroup_signal	moderate_Tweedle_CPT_motif_support	304	4	2	1	1	1	0	0
Dwi_Tweedle21	Tweedle21	Dwi	Drosophila willistoni	Tweedle	75.4	6e-22	258.8	7.5e-78	-183.4	Tweedle/CPT-like	high	confirmed_current_Tweedle_CPT_like	current_Tweedle_label_preserved	CPT_HMM_hit_but_not_delta_strong	moderate_Tweedle_CPT_motif_support	298	3	2	0	0	0	1	1
Dwi_Tweedle22	Tweedle22	Dwi	Drosophila willistoni	Tweedle	55.0	9.2e-16	250.7	2.2e-75	-195.7	Tweedle/CPT-like	high	confirmed_current_Tweedle_CPT_like	current_Tweedle_label_preserved	no_strong_CPT_subgroup_signal	moderate_Tweedle_CPT_motif_support	289	3	2	0	0	0	1	1
Dwi_Tweedle23	Tweedle23	Dwi	Drosophila willistoni	Tweedle	54.7	1.2e-15	261.1	1.5e-78	-206.4	Tweedle/CPT-like	high	confirmed_current_Tweedle_CPT_like	current_Tweedle_label_preserved	no_strong_CPT_subgroup_signal	moderate_Tweedle_CPT_motif_support	262	3	2	0	0	0	1	1
Dwi_Tweedle24	Tweedle24	Dwi	Drosophila willistoni	Tweedle	49.9	3.3e-14	252.0	9.3e-76	-202.1	Tweedle/CPT-like	high	confirmed_current_Tweedle_CPT_like	current_Tweedle_label_preserved	no_strong_CPT_subgroup_signal	strong_Tweedle_CPT_motif_support	229	5	1	1	0	1	1	1
Dwi_Tweedle25	Tweedle25	Dwi	Drosophila willistoni	Tweedle	44.5	1.4e-12	263.9	2.1e-79	-219.4	Tweedle/CPT-like	high	confirmed_current_Tweedle_CPT_like	current_Tweedle_label_preserved	no_strong_CPT_subgroup_signal	moderate_Tweedle_CPT_motif_support	279	3	2	0	0	0	1	1
Dwi_Tweedle26	Tweedle26	Dwi	Drosophila willistoni	Tweedle	42.0	8.6e-12	268.6	7.5e-81	-226.6	Tweedle/CPT-like	high	confirmed_current_Tweedle_CPT_like	current_Tweedle_label_preserved	no_strong_CPT_subgroup_signal	moderate_Tweedle_CPT_motif_support	283	3	2	0	0	0	1	1
Dwi_Tweedle27	Tweedle27	Dwi	Drosophila willistoni	Tweedle	66.9	2.2e-19	259.8	3.7e-78	-192.9	Tweedle/CPT-like	high	confirmed_current_Tweedle_CPT_like	current_Tweedle_label_preserved	no_strong_CPT_subgroup_signal	moderate_Tweedle_CPT_motif_support	225	3	1	0	0	0	1	1
Dwi_Tweedle28	Tweedle28	Dwi	Drosophila willistoni	Tweedle	29.5	5.4e-08	258.7	8.2e-78	-229.2	Tweedle/CPT-like	high	confirmed_current_Tweedle_CPT_like	current_Tweedle_label_preserved	no_strong_CPT_subgroup_signal	moderate_Tweedle_CPT_motif_support	381	3	2	0	0	0	1	1
Dwi_Tweedle3	Tweedle3	Dwi	Drosophila willistoni	Tweedle	232.9	7.1e-70	192.4	1.4e-57	40.5	Tweedle/CPT-like	high	confirmed_current_Tweedle_CPT_like	current_Tweedle_label_preserved	CPT-like_subgroup_signal_review	strong_Tweedle_CPT_motif_support	272	6	2	2	1	1	1	1
Dwi_Tweedle4	Tweedle4	Dwi	Drosophila willistoni	Tweedle	158.8	2.4e-47	139.0	3e-41	19.8	Tweedle/CPT-like	high	confirmed_current_Tweedle_CPT_like	current_Tweedle_label_preserved	CPT_HMM_hit_but_not_delta_strong	strong_Tweedle_CPT_motif_support	374	6	2	2	1	1	1	1
Dwi_Tweedle5	Tweedle5	Dwi	Drosophila willistoni	Tweedle	79.5	3.3e-23	215.7	1.1e-64	-136.2	Tweedle/CPT-like	high	confirmed_current_Tweedle_CPT_like	current_Tweedle_label_preserved	CPT_HMM_hit_but_not_delta_strong	moderate_Tweedle_CPT_motif_support	315	3	1	1	0	1	0	0
Dwi_Tweedle6	Tweedle6	Dwi	Drosophila willistoni	Tweedle	119.9	1.7e-35	223.3	5.1e-67	-103.4	Tweedle/CPT-like	high	confirmed_current_Tweedle_CPT_like	current_Tweedle_label_preserved	CPT_HMM_hit_but_not_delta_strong	moderate_Tweedle_CPT_motif_support	361	3	0	1	1	1	0	0
Dwi_Tweedle7	Tweedle7	Dwi	Drosophila willistoni	Tweedle	79.0	4.7e-23	194.2	4.1e-58	-115.2	Tweedle/CPT-like	high	confirmed_current_Tweedle_CPT_like	current_Tweedle_label_preserved	CPT_HMM_hit_but_not_delta_strong	weak_Tweedle_CPT_motif_support	248	1	1	0	0	0	0	0
Dwi_Tweedle8	Tweedle8	Dwi	Drosophila willistoni	Tweedle	91.5	7.3e-27	211.4	2.2e-63	-119.9	Tweedle/CPT-like	high	confirmed_current_Tweedle_CPT_like	current_Tweedle_label_preserved	CPT_HMM_hit_but_not_delta_strong	moderate_Tweedle_CPT_motif_support	230	4	1	1	1	1	0	0
Dwi_Tweedle9	Tweedle9	Dwi	Drosophila willistoni	Tweedle	108.7	4.3e-32	217.0	4.3e-65	-108.3	Tweedle/CPT-like	high	confirmed_current_Tweedle_CPT_like	current_Tweedle_label_preserved	CPT_HMM_hit_but_not_delta_strong	strong_Tweedle_CPT_motif_support	339	5	1	1	0	1	1	1
Foc_TWDL1	TWDL1	Foc	Frankliniella occidentalis	Tweedle	172.3	2e-51	167.4	6.2e-50	4.9	Tweedle/CPT-like	high	confirmed_current_Tweedle_CPT_like	current_Tweedle_label_preserved	CPT_HMM_hit_but_not_delta_strong	moderate_Tweedle_CPT_motif_support	340	4	2	2	1	1	0	0
Foc_TWDL10	TWDL10	Foc	Frankliniella occidentalis	Tweedle	118.0	6.6e-35	82.2	6.8e-24	35.8	Tweedle/CPT-like	high	confirmed_current_Tweedle_CPT_like	current_Tweedle_label_preserved	CPT-like_subgroup_signal_review	moderate_Tweedle_CPT_motif_support	176	3	2	1	1	0	0	0
Foc_TWDL2	TWDL2	Foc	Frankliniella occidentalis	Tweedle	149.4	1.8e-44	138.3	4.9e-41	11.1	Tweedle/CPT-like	high	confirmed_current_Tweedle_CPT_like	current_Tweedle_label_preserved	CPT_HMM_hit_but_not_delta_strong	moderate_Tweedle_CPT_motif_support	191	4	2	2	1	1	0	0
Foc_TWDL3	TWDL3	Foc	Frankliniella occidentalis	Tweedle	201.0	3.7e-60	170.4	7.5e-51	30.6	Tweedle/CPT-like	high	confirmed_current_Tweedle_CPT_like	current_Tweedle_label_preserved	CPT-like_subgroup_signal_review	moderate_Tweedle_CPT_motif_support	380	4	2	2	1	1	0	0
Foc_TWDL4	TWDL4	Foc	Frankliniella occidentalis	Tweedle	183.0	1.1e-54	146.6	1.4e-43	36.4	Tweedle/CPT-like	high	confirmed_current_Tweedle_CPT_like	current_Tweedle_label_preserved	CPT-like_subgroup_signal_review	strong_Tweedle_CPT_motif_support	665	6	2	2	1	1	1	1
Foc_TWDL5	TWDL5	Foc	Frankliniella occidentalis	Tweedle	186.4	1e-55	175.3	2.4e-52	11.1	Tweedle/CPT-like	high	confirmed_current_Tweedle_CPT_like	current_Tweedle_label_preserved	CPT_HMM_hit_but_not_delta_strong	moderate_Tweedle_CPT_motif_support	239	4	2	2	1	1	0	0
Foc_TWDL6	TWDL6	Foc	Frankliniella occidentalis	Tweedle	170.0	9.5e-51	166.5	1.2e-49	3.5	Tweedle/CPT-like	high	confirmed_current_Tweedle_CPT_like	current_Tweedle_label_preserved	CPT_HMM_hit_but_not_delta_strong	strong_Tweedle_CPT_motif_support	231	6	2	2	1	1	1	1
Foc_TWDL7	TWDL7	Foc	Frankliniella occidentalis	Tweedle	132.2	3e-39	148.7	3.3e-44	-16.5	Tweedle/CPT-like	high	confirmed_current_Tweedle_CPT_like	current_Tweedle_label_preserved	CPT_HMM_hit_but_not_delta_strong	moderate_Tweedle_CPT_motif_support	264	4	3	2	1	1	0	0
Foc_TWDL8	TWDL8	Foc	Frankliniella occidentalis	Tweedle	70.5	1.8e-20	85.1	8.9e-25	-14.6	Tweedle/CPT-like	high	confirmed_current_Tweedle_CPT_like	current_Tweedle_label_preserved	no_strong_CPT_subgroup_signal	moderate_Tweedle_CPT_motif_support	128	4	0	1	0	1	1	1
Foc_TWDL9	TWDL9	Foc	Frankliniella occidentalis	Tweedle	65.1	8.3e-19	83.2	3.4e-24	-18.1	Tweedle/CPT-like	high	confirmed_current_Tweedle_CPT_like	current_Tweedle_label_preserved	no_strong_CPT_subgroup_signal	weak_Tweedle_CPT_motif_support	415	1	3	0	0	0	0	0
Nlu_TwdlE1	TwdlE1	Nlu	Nilaparvata lugens	Tweedle	171.3	4.1e-51	167.1	7.9e-50	4.2	Tweedle/CPT-like	high	confirmed_current_Tweedle_CPT_like	current_Tweedle_label_preserved	CPT_HMM_hit_but_not_delta_strong	moderate_Tweedle_CPT_motif_support	211	4	3	2	1	1	0	0
Nlu_TwdlE2	TwdlE2	Nlu	Nilaparvata lugens	Twdl	160.3	8.9e-48	151.1	6.2e-45	9.2	Tweedle/CPT-like	high	confirmed_current_Tweedle_CPT_like	current_Twdl_label_preserved	CPT_HMM_hit_but_not_delta_strong	moderate_Tweedle_CPT_motif_support	280	4	3	2	1	1	0	0
Nlu_TwdlE3	TwdlE3	Nlu	Nilaparvata lugens	Tweedle	238.0	2e-71	185.6	1.8e-55	52.4	Tweedle/CPT-like	high	confirmed_current_Tweedle_CPT_like	current_Tweedle_label_preserved	CPT-like_subgroup_signal_review	moderate_Tweedle_CPT_motif_support	314	4	2	2	1	1	0	0
