protein_id	source_fasta	length	glycine_percent	histidine_percent	alanine_percent	proline_percent	tyrosine_percent	valine_percent	lysine_percent	weird_characters	GGG_or_more_count	GGG_or_more_first_start	GGG_or_more_first_match	GY_or_YG_count	GY_or_YG_first_start	GY_or_YG_first_match	GH_or_HG_count	GH_or_HG_first_start	GH_or_HG_first_match	H_cluster_3_in_20_count	H_cluster_3_in_20_first_start	H_cluster_3_in_20_first_match	Ala_Pro_rich_AP_or_PA_count	Ala_Pro_rich_AP_or_PA_first_start	Ala_Pro_rich_AP_or_PA_first_match	PV_or_PY_count	PV_or_PY_first_start	PV_or_PY_first_match
Cme_CPG1	CPG.fasta	325	36.3	3.7	5.5	4.6	7.7	6.2	4.6		21	117	GGGG	23	135	GY	8	196	GH	1	197	HGHKGHGHHGGH	3	41	AP	3	33	PV
Bmo_CPG13	CPG.fasta	368	6.0	6.2	4.9	17.9	9.2	22.6	8.4		0	NA	NA	7	43	GY	3	57	GH	1	346	HHDHHDHHDH	2	148	PA	56	98	PV
Bmo_CPG1	CPG.fasta	165	33.3	1.2	4.8	3.0	10.9	13.3	3.0		5	33	GGG	18	38	GY	1	148	GH	0	NA	NA	1	77	AP	0	NA	NA
Bmo_GRP2	CPG.fasta	318	34.6	2.8	6.0	6.9	2.2	3.8	3.8		21	36	GGG	1	309	YG	5	34	GH	0	NA	NA	7	121	AP	2	168	PV
Bmo_GRP3	CPG.fasta	359	7.0	7.8	4.2	18.9	7.5	21.7	10.0		3	62	GGGG	5	60	GY	7	54	HG	3	76	HYGGHEEVH	3	36	PA	57	94	PV
Dme_EDG91	CPG.fasta	159	39.6	3.1	4.4	3.8	13.8	3.1	1.3		9	35	GGG	15	62	GY	3	104	GH	1	105	HRPHYH	1	22	AP	1	23	PV
Foc_CPG6	CPG.fasta	221	33.0	0.9	8.1	5.0	3.6	1.4	5.0		12	73	GGG	2	62	GY	2	147	HG	0	NA	NA	3	32	AP	0	NA	NA
Foc_CPG5	CPG.fasta	545	9.7	0.7	20.7	10.8	2.2	4.6	1.5		3	50	GGG	10	26	GY	3	54	HG	0	NA	NA	24	148	AP	4	108	PV
Foc_CPG4	CPG.fasta	209	26.8	5.3	6.7	4.3	11.5	3.8	2.9		1	135	GGG	22	129	YG	4	188	GH	1	189	HHVHHHH	2	80	PA	1	113	PV
Foc_CPG3	CPG.fasta	153	25.5	6.5	10.5	4.6	6.5	3.3	3.9		5	81	GGGG	8	79	GY	1	123	HG	2	31	HAVDAHEHVHDDAH	2	25	AP	0	NA	NA
Foc_CPG2	CPG.fasta	202	23.3	2.0	10.9	5.9	2.5	4.5	4.0		4	82	GGGGGGGG	0	NA	NA	1	21	HG	0	NA	NA	4	44	AP	0	NA	NA
Foc_CPG1	CPG.fasta	118	23.7	0.8	11.0	7.6	16.1	11.0	3.4		0	NA	NA	14	24	YG	1	114	GH	0	NA	NA	1	81	AP	4	17	PV
Bmo_CPG48	CPG.fasta	274	26.6	1.5	3.6	11.3	1.8	1.1	1.1		8	104	GGG	5	26	YG	2	65	HG	0	NA	NA	4	22	PA	0	NA	NA
Bmo_CPG32	CPG.fasta	537	50.8	2.8	5.8	0.0	3.4	2.0	2.6		34	33	GGGGGGGGGGGGG	16	27	GY	8	125	HG	0	NA	NA	0	NA	NA	0	NA	NA
Bmo_CPG33	CPG.fasta	203	65.5	5.9	4.4	0.5	2.0	0.5	1.0		24	24	GGG	4	22	GY	12	62	HG	1	121	HGGGGGSHGGGSGSH	1	20	AP	0	NA	NA
Bmo_CPG10	CPG.fasta	224	34.8	3.1	6.2	4.0	7.1	4.9	3.1		14	127	GGG	13	116	GY	6	2	GH	0	NA	NA	2	38	AP	1	39	PV
Bmo_CPG50	CPG.fasta	1155	13.3	4.2	7.9	7.5	2.9	4.1	4.8		2	54	GGG	5	21	GY	13	20	HG	3	270	HTHH	6	359	AP	7	366	PV
Bmo_CPG34	CPG.fasta	171	30.4	2.9	9.4	2.9	14.6	5.8	2.3		0	NA	NA	17	4	YG	4	91	HG	0	NA	NA	1	39	PA	1	22	PV
Bmo_CPG11	CPG.fasta	359	2.8	10.6	2.8	18.4	5.3	21.7	10.6		1	51	GGG	1	44	YG	4	50	HG	5	50	HGGGHEEH	1	258	PA	57	68	PV
Bmo_CPG12	CPG.fasta	354	5.9	7.9	4.2	20.1	7.6	22.6	10.7		2	62	GGGG	4	60	GY	7	54	HG	3	71	HYGGHEEVH	4	36	PA	60	89	PV
Bmo_CPG14	CPG.fasta	199	16.1	7.5	7.5	7.5	9.0	7.5	2.0		0	NA	NA	12	21	GY	8	34	GH	1	88	HGHGHGVSSH	4	26	AP	4	19	PV
Bmo_CPG43	CPG.fasta	68	17.6	0.0	10.3	7.4	23.5	5.9	1.5		0	NA	NA	12	25	GY	0	NA	NA	0	NA	NA	0	NA	NA	1	59	PY
Bmo_CPG15	CPG.fasta	179	54.2	1.7	3.4	0.0	1.7	2.2	3.4		18	29	GGGGGG	3	42	GY	2	88	GH	0	NA	NA	0	NA	NA	0	NA	NA
Bmo_CPG45	CPG.fasta	72	58.3	0.0	0.0	0.0	2.8	0.0	0.0		0	NA	NA	0	NA	NA	0	NA	NA	0	NA	NA	0	NA	NA	0	NA	NA
Bmo_CPG37	CPG.fasta	143	35.0	0.0	7.0	0.7	0.7	14.7	0.7		0	NA	NA	0	NA	NA	0	NA	NA	0	NA	NA	1	13	PA	0	NA	NA
Bmo_CPG44	CPG.fasta	317	19.6	6.0	6.0	2.2	1.6	4.7	2.8		0	NA	NA	3	43	YG	9	34	GH	1	35	HEHGH	0	NA	NA	0	NA	NA
Bmo_CPG49	CPG.fasta	1194	40.5	12.0	8.9	0.3	1.7	7.6	0.3		2	1104	GGG	17	125	GY	138	38	GH	38	39	HGHKH	0	NA	NA	0	NA	NA
Bmo_CPG16	CPG.fasta	215	24.7	8.4	6.5	0.9	0.5	2.8	3.3		0	NA	NA	1	47	GY	12	21	HG	3	100	HDSGFGHH	0	NA	NA	0	NA	NA
Bmo_CPG47	CPG.fasta	135	14.1	0.0	15.6	13.3	5.9	7.4	0.7		1	39	GGGG	1	50	YG	0	NA	NA	0	NA	NA	8	85	PA	2	88	PY
Bmo_CPG25	CPG.fasta	156	23.1	2.6	10.3	10.3	9.6	12.2	5.1		0	NA	NA	14	31	GY	1	57	GH	0	NA	NA	5	18	PA	4	108	PV
Bmo_CPG26	CPG.fasta	153	33.3	0.0	3.9	2.6	11.8	13.7	2.6		7	36	GGG	17	28	GY	0	NA	NA	0	NA	NA	1	63	AP	0	NA	NA
Bmo_CPG27	CPG.fasta	149	32.9	0.0	4.0	2.7	11.4	14.1	2.7		7	36	GGG	16	28	GY	0	NA	NA	0	NA	NA	1	63	AP	0	NA	NA
Bmo_CPG28	CPG.fasta	142	31.0	0.0	4.2	2.8	11.3	14.8	2.8		6	36	GGG	15	28	GY	0	NA	NA	0	NA	NA	1	63	AP	0	NA	NA
Bmo_CPG2	CPG.fasta	95	12.6	1.1	6.3	5.3	5.3	18.9	3.2		0	NA	NA	5	30	GY	0	NA	NA	0	NA	NA	1	44	AP	0	NA	NA
Bmo_CPG3	CPG.fasta	134	32.1	0.7	4.5	3.0	9.0	17.2	3.7		7	37	GGG	11	31	GY	0	NA	NA	0	NA	NA	1	54	AP	0	NA	NA
Bmo_CPG4	CPG.fasta	409	9.5	0.5	18.6	8.3	14.4	9.8	2.9		0	NA	NA	24	35	GY	2	32	HG	0	NA	NA	21	78	PA	5	119	PV
Bmo_CPG5	CPG.fasta	101	33.7	8.9	5.9	1.0	13.9	3.0	2.0		0	NA	NA	12	20	GY	8	50	GH	2	61	HGYSGHGYGGH	0	NA	NA	0	NA	NA
Bmo_CPG6	CPG.fasta	140	35.0	3.6	5.0	1.4	18.6	7.9	3.6		0	NA	NA	22	31	GY	3	40	HG	0	NA	NA	1	109	PA	1	66	PV
Bmo_CPG39	CPG.fasta	320	24.1	3.1	5.6	10.0	3.4	15.6	0.6		9	28	GGG	1	259	GY	4	32	HG	1	306	HTIATSHGHRIHH	1	204	PA	22	122	PV
Bmo_CPG46	CPG.fasta	174	13.2	5.2	19.5	9.8	6.3	16.7	2.9		4	152	GGG	7	34	YG	1	171	GH	0	NA	NA	6	64	AP	7	47	PV
Bmo_CPG38	CPG.fasta	431	19.0	2.6	7.2	11.1	3.9	19.5	2.1		3	101	GGG	6	37	GY	5	42	HG	0	NA	NA	6	65	AP	33	74	PV
Bmo_CPG7	CPG.fasta	280	12.1	8.2	6.1	13.2	2.9	15.0	5.4		3	82	GGG	0	NA	NA	4	84	GH	2	26	HDHHATLEHH	6	46	AP	22	126	PV
Bmo_CPG8	CPG.fasta	345	14.2	7.5	7.5	9.9	2.9	13.6	4.9		2	117	GGG	2	15	YG	6	77	HG	4	75	HSHGGHAFDAGH	0	NA	NA	17	236	PV
Bmo_CPG9	CPG.fasta	209	14.8	13.9	5.3	3.3	5.7	2.9	6.7		1	102	GGG	4	146	GY	9	41	GH	6	42	HHHQIEHEHAKSH	1	24	AP	2	64	PV
Bmo_CPG18	CPG.fasta	107	43.9	1.9	1.9	1.9	12.1	1.9	0.9		3	39	GGG	12	16	YG	2	23	GH	0	NA	NA	0	NA	NA	1	19	PY
Bmo_CPG31	CPG.fasta	290	14.8	2.1	32.8	1.0	3.8	7.9	0.7		2	239	GGGG	8	31	GY	4	34	GH	0	NA	NA	3	53	PA	0	NA	NA
Bmo_CPG17	CPG.fasta	94	27.7	20.2	4.3	1.1	5.3	5.3	1.1		0	NA	NA	4	19	GY	13	26	GH	4	27	HGGNHENHDSYPHVH	0	NA	NA	0	NA	NA
Bmo_CPG35	CPG.fasta	89	46.1	0.0	2.2	5.6	4.5	4.5	0.0		4	32	GGG	4	27	GY	0	NA	NA	0	NA	NA	0	NA	NA	0	NA	NA
Bmo_CPG19	CPG.fasta	120	34.2	4.2	6.7	4.2	11.7	2.5	2.5		1	111	GGG	13	66	GY	4	55	GH	1	56	HSGWGHGGH	2	27	AP	0	NA	NA
Bmo_CPG36	CPG.fasta	79	30.4	15.2	8.9	2.5	7.6	2.5	1.3		5	41	GGG	3	60	YG	12	40	HG	2	40	HGGGHHGGGHH	1	33	PA	0	NA	NA
Bmo_CPG20	CPG.fasta	159	19.5	1.3	9.4	6.3	7.5	6.9	1.3		2	31	GGGG	7	23	GY	2	86	HG	0	NA	NA	4	20	AP	1	158	PY
Bmo_CPG21	CPG.fasta	268	16.4	1.5	1.9	8.2	9.3	6.3	8.2		0	NA	NA	0	NA	NA	0	NA	NA	0	NA	NA	0	NA	NA	2	21	PY
Bmo_CPG40	CPG.fasta	98	18.4	8.2	10.2	5.1	12.2	1.0	5.1		0	NA	NA	5	66	GY	7	51	GH	2	48	HWGGHWGGHH	2	21	AP	2	72	PY
Bmo_CPG41	CPG.fasta	137	26.3	2.9	10.2	5.1	7.3	5.1	2.2		0	NA	NA	10	25	GY	3	85	GH	0	NA	NA	6	32	AP	1	71	PV
Bmo_CPG22	CPG.fasta	107	23.4	3.7	9.3	3.7	17.8	5.6	1.9		0	NA	NA	14	18	GY	3	21	HG	0	NA	NA	1	56	AP	2	70	PV
Bmo_CPG23	CPG.fasta	213	31.0	5.2	11.3	1.4	13.6	4.2	1.4		0	NA	NA	23	33	GY	8	43	GH	0	NA	NA	3	58	PA	0	NA	NA
Bmo_CPG42	CPG.fasta	404	20.5	4.0	8.7	1.2	3.2	5.0	9.9		3	126	GGG	4	97	GY	5	212	HG	1	381	HSVHGH	0	NA	NA	1	28	PY
Bmo_CPG30	CPG.fasta	509	7.7	1.2	6.1	2.4	2.8	6.1	11.0		3	146	GGGGGG	1	230	GY	1	153	HG	0	NA	NA	3	180	PA	1	94	PV
Bmo_CPG24	CPG.fasta	390	7.2	6.4	1.5	13.3	10.0	19.0	14.1		1	88	GGG	4	43	YG	8	45	GH	3	58	HESYGGHEGISFGH	0	NA	NA	39	129	PV
Lmi_CPH-1	CPH.fasta	137	10.2	0.7	21.9	5.1	0.0	8.0	1.5		0	NA	NA	0	NA	NA	0	NA	NA	0	NA	NA	0	NA	NA	0	NA	NA
Bmo_CPH45	CPH.fasta	74	14.9	0.0	24.3	5.4	4.1	12.2	0.0		0	NA	NA	2	18	YG	0	NA	NA	0	NA	NA	2	29	AP	1	30	PV
Bmo_CPH19	CPH.fasta	213	17.4	0.5	30.5	7.5	2.3	5.2	2.8		0	NA	NA	2	41	GY	0	NA	NA	0	NA	NA	10	27	PA	4	52	PY
Bmo_CPH5	CPH.fasta	107	9.3	0.0	7.5	7.5	6.5	10.3	5.6		0	NA	NA	1	67	GY	0	NA	NA	0	NA	NA	1	24	AP	1	36	PY
Bmo_CPH36	CPH.fasta	124	6.5	17.7	4.0	8.9	1.6	21.8	8.9		1	22	GGGGG	0	NA	NA	3	26	GH	3	27	HKHVTIHVPYKIH	0	NA	NA	6	35	PY
Bmo_CPH1	CPH.fasta	89	3.4	1.1	19.1	15.7	7.9	3.4	3.4		0	NA	NA	1	2	YG	0	NA	NA	0	NA	NA	5	21	PA	1	86	PY
Bmo_CPH2	CPH.fasta	215	9.8	8.8	28.8	5.1	3.7	10.7	1.4		0	NA	NA	4	140	YG	12	25	GH	3	26	HYSHGLVAH	9	42	AP	5	120	PV
Bmo_CPH3	CPH.fasta	280	4.6	1.4	22.9	7.1	1.8	13.2	5.0		0	NA	NA	0	NA	NA	1	238	GH	0	NA	NA	8	16	AP	4	138	PY
Bmo_CPH4	CPH.fasta	156	8.3	4.5	30.8	3.8	5.8	7.7	0.0		0	NA	NA	7	12	GY	1	53	GH	0	NA	NA	4	124	AP	4	125	PY
Bmo_CPH46	CPH.fasta	74	14.9	0.0	24.3	5.4	4.1	12.2	0.0		0	NA	NA	2	18	YG	0	NA	NA	0	NA	NA	2	29	AP	1	30	PV
Bmo_CPH44	CPH.fasta	74	14.9	0.0	24.3	5.4	4.1	12.2	0.0		0	NA	NA	2	18	YG	0	NA	NA	0	NA	NA	2	29	AP	1	30	PV
Bmo_CPH43	CPH.fasta	74	14.9	0.0	24.3	5.4	4.1	12.2	0.0		0	NA	NA	2	18	YG	0	NA	NA	0	NA	NA	2	29	AP	1	30	PV
Bmo_CPH27	CPH.fasta	66	1.5	0.0	22.7	13.6	19.7	7.6	3.0		0	NA	NA	1	36	YG	0	NA	NA	0	NA	NA	2	33	AP	4	26	PV
Bmo_CPH26	CPH.fasta	124	5.6	0.8	21.0	11.3	17.7	4.0	3.2		0	NA	NA	5	16	YG	1	22	GH	0	NA	NA	7	44	AP	3	28	PV
Bmo_CPH47	CPH.fasta	124	5.6	0.8	20.2	12.1	16.9	4.0	3.2		0	NA	NA	5	16	YG	1	22	GH	0	NA	NA	8	45	PA	3	28	PV
Bmo_CPH34	CPH.fasta	268	1.5	1.9	32.1	13.4	13.1	8.6	1.9		0	NA	NA	3	22	GY	0	NA	NA	1	68	HQIHTPAVH	31	24	AP	6	98	PV
Bmo_CPH25	CPH.fasta	257	1.6	2.7	31.5	13.2	12.1	8.9	1.9		0	NA	NA	2	212	YG	1	22	GH	1	76	HVPAVHAPAVH	29	24	AP	4	31	PV
Bmo_CPH23	CPH.fasta	91	2.2	1.1	31.9	9.9	7.7	13.2	2.2		0	NA	NA	1	87	GY	0	NA	NA	0	NA	NA	8	24	AP	1	80	PY
Bmo_CPH18	CPH.fasta	101	1.0	2.0	33.7	14.9	6.9	12.9	1.0		0	NA	NA	0	NA	NA	0	NA	NA	0	NA	NA	12	20	AP	6	37	PY
Bmo_CPH17	CPH.fasta	100	6.0	5.0	30.0	12.0	4.0	16.0	2.0		0	NA	NA	1	21	YG	2	34	GH	1	73	HAPIVAAHAPIVAAH	9	17	AP	2	20	PY
Bmo_CPH16	CPH.fasta	247	2.0	2.4	23.9	9.7	2.4	11.7	2.8		0	NA	NA	1	242	YG	0	NA	NA	0	NA	NA	18	25	PA	2	212	PV
Bmo_CPH15	CPH.fasta	170	2.9	3.5	18.2	11.2	5.3	18.2	2.9		0	NA	NA	1	110	GY	1	45	HG	0	NA	NA	8	22	AP	3	122	PV
Bmo_CPH14	CPH.fasta	170	3.5	2.9	18.2	11.2	5.3	18.8	2.9		0	NA	NA	1	110	GY	1	45	HG	0	NA	NA	8	22	AP	4	122	PV
Bmo_CPH13	CPH.fasta	236	3.4	3.8	12.7	11.0	7.2	9.7	3.8		0	NA	NA	1	58	YG	2	92	HG	0	NA	NA	5	76	AP	6	24	PV
Bmo_CPH12	CPH.fasta	237	3.4	3.8	12.7	11.4	7.2	9.3	3.8		0	NA	NA	1	58	YG	2	94	HG	0	NA	NA	7	69	AP	7	24	PV
Bmo_CPH11	CPH.fasta	137	6.6	4.4	19.7	10.2	5.8	8.0	2.9		0	NA	NA	1	15	YG	0	NA	NA	0	NA	NA	10	20	AP	0	NA	NA
Bmo_CPH10	CPH.fasta	137	5.8	4.4	18.2	10.9	5.8	8.8	2.9		0	NA	NA	1	15	YG	0	NA	NA	0	NA	NA	9	20	AP	2	18	PV
Bmo_CPH9	CPH.fasta	161	8.7	8.1	21.7	8.7	0.6	10.6	3.1		0	NA	NA	0	NA	NA	4	31	GH	1	148	HWGLGHAAHLTH	10	22	AP	3	23	PV
Bmo_CPH8	CPH.fasta	243	4.5	10.7	21.4	9.9	2.5	15.2	1.6		0	NA	NA	0	NA	NA	9	35	HG	3	60	HHAPLVH	16	28	PA	7	20	PV
Bmo_CPH7	CPH.fasta	306	2.9	10.1	18.0	8.5	0.7	14.1	2.3		0	NA	NA	2	224	YG	3	35	HG	2	59	HHDAHLVH	14	28	PA	5	71	PV
Bmo_CPH6	CPH.fasta	170	3.5	4.1	17.1	7.6	3.5	22.9	0.6		0	NA	NA	1	78	YG	1	26	GH	0	NA	NA	7	17	AP	4	73	PY
Bmo_CPH28	CPH.fasta	516	5.0	0.6	10.5	12.8	4.7	4.8	2.3		0	NA	NA	2	117	GY	1	511	GH	0	NA	NA	14	53	PA	5	75	PV
Bmo_CPH29	CPH.fasta	663	3.6	1.2	5.4	9.7	5.3	6.6	3.8		0	NA	NA	5	71	GY	0	NA	NA	0	NA	NA	8	253	AP	9	118	PV
Bmo_CPH41	CPH.fasta	802	2.6	3.9	3.4	14.1	5.5	13.6	9.2		0	NA	NA	2	411	GY	1	777	HG	3	139	HHH	2	77	PA	52	198	PV
Bmo_CPH30	CPH.fasta	210	9.5	10.5	27.1	7.1	6.7	3.8	2.4		0	NA	NA	6	65	GY	5	59	HG	5	43	HAKAAHLAAH	8	22	AP	0	NA	NA
Bmo_CPH32	CPH.fasta	118	20.3	10.2	11.9	4.2	8.5	5.1	3.4		0	NA	NA	8	31	GY	10	41	HG	3	41	HGYYGHGLGLYGH	5	37	AP	1	94	PV
Bmo_CPH42	CPH.fasta	251	12.0	7.2	16.7	15.5	4.0	17.1	2.8		0	NA	NA	2	38	YG	9	29	GH	3	30	HLGHYADLYGH	8	52	PA	26	92	PY
Bmo_CPH37	CPH.fasta	197	4.1	1.0	12.7	18.8	1.0	15.2	2.0		0	NA	NA	0	NA	NA	0	NA	NA	0	NA	NA	11	20	PA	10	22	PV
Bmo_CPH38	CPH.fasta	197	4.1	1.0	13.2	18.8	2.0	15.2	2.0		0	NA	NA	0	NA	NA	0	NA	NA	0	NA	NA	11	20	PA	11	22	PV
Bmo_CPH39	CPH.fasta	236	2.5	2.1	8.1	12.7	1.7	11.9	3.8		0	NA	NA	1	123	GY	0	NA	NA	0	NA	NA	5	20	PA	7	64	PV
Bmo_CPH40	CPH.fasta	148	6.1	0.0	12.2	18.2	1.4	18.2	2.0		0	NA	NA	0	NA	NA	0	NA	NA	0	NA	NA	10	25	PA	7	54	PV
Bmo_CPH35	CPH.fasta	1111	2.2	2.5	5.1	9.0	6.1	11.1	7.3		0	NA	NA	7	70	GY	2	49	GH	1	83	HHSH	6	113	PA	57	156	PY
Bmo_CPH33	CPH.fasta	146	2.7	8.9	3.4	16.4	6.8	21.9	10.3		0	NA	NA	0	NA	NA	1	28	GH	2	29	HTHTEHTKPYH	0	NA	NA	14	37	PY
