protein_id	source_fasta	length	tryptophan_count	tryptophan_percent	glycine_percent	alanine_percent	weird_characters	CPLCW_W_anywhere_count	CPLCW_W_anywhere_first_start	CPLCW_W_anywhere_first_match	CPLCW_W_anywhere_last80_count	CPLCW_W_anywhere_last80_first_match	CPLCW_two_W_within_40aa_count	CPLCW_two_W_within_40aa_first_start	CPLCW_two_W_within_40aa_first_match	CPLCW_two_W_within_40aa_last80_count	CPLCW_two_W_within_40aa_last80_first_match	CPLCW_W_near_Cterm_last80_count	CPLCW_W_near_Cterm_last80_first_start	CPLCW_W_near_Cterm_last80_first_match	CPLCW_W_near_Cterm_last80_last80_count	CPLCW_W_near_Cterm_last80_last80_first_match	CPLCW_aromatic_basic_W_region_count	CPLCW_aromatic_basic_W_region_first_start	CPLCW_aromatic_basic_W_region_first_match	CPLCW_aromatic_basic_W_region_last80_count	CPLCW_aromatic_basic_W_region_last80_first_match
Aga_CPLCW1	CPLCW.fasta	153	1	0.65	9.2	10.5		1	130	W	1	W	0	NA	NA	0	NA	1	130	W	1	W	0	NA	NA	0	NA
Aga_CPLCW2	CPLCW.fasta	164	1	0.61	11.0	9.8		1	141	W	1	W	0	NA	NA	0	NA	1	141	W	1	W	0	NA	NA	0	NA
Aga_CPLCW4	CPLCW.fasta	171	1	0.58	12.9	8.8		1	152	W	1	W	0	NA	NA	0	NA	1	152	W	1	W	0	NA	NA	0	NA
Aga_CPLCW5	CPLCW.fasta	106	0	0.00	5.7	11.3		0	NA	NA	0	NA	0	NA	NA	0	NA	0	NA	NA	0	NA	0	NA	NA	0	NA
Aga_CPLCW7	CPLCW.fasta	161	1	0.62	11.2	8.7		1	141	W	1	W	0	NA	NA	0	NA	1	141	W	1	W	0	NA	NA	0	NA
Aga_CPLCW8	CPLCW.fasta	175	1	0.57	12.0	9.1		1	152	W	1	W	0	NA	NA	0	NA	1	152	W	1	W	0	NA	NA	0	NA
Aga_CPLCW9	CPLCW.fasta	169	1	0.59	10.1	10.1		1	146	W	1	W	0	NA	NA	0	NA	1	146	W	1	W	0	NA	NA	0	NA
Aga_CPLC#	CPLCG.fasta	120	3	2.50	7.5	29.2		3	23	W	0	NA	1	23	WGWPYAGLPAAYPVAAW	0	NA	3	23	W	0	NA	1	39	WPPAAIHAAYPAY	0	NA
Aga_CPLC8	CPLCG.fasta	135	1	0.74	7.4	28.1		1	26	W	0	NA	0	NA	NA	0	NA	1	26	W	0	NA	0	NA	NA	0	NA
Aga_CPLCG1	CPLCG.fasta	125	0	0.00	8.0	20.0		0	NA	NA	0	NA	0	NA	NA	0	NA	0	NA	NA	0	NA	0	NA	NA	0	NA
Aga_CPLCG10	CPLCG.fasta	163	0	0.00	2.5	27.0		0	NA	NA	0	NA	0	NA	NA	0	NA	0	NA	NA	0	NA	0	NA	NA	0	NA
Aga_CPLCG11	CPLCG.fasta	191	0	0.00	14.7	11.5		0	NA	NA	0	NA	0	NA	NA	0	NA	0	NA	NA	0	NA	0	NA	NA	0	NA
Aga_CPLCG12	CPLCG.fasta	163	0	0.00	2.5	27.0		0	NA	NA	0	NA	0	NA	NA	0	NA	0	NA	NA	0	NA	0	NA	NA	0	NA
Aga_CPLCG13	CPLCG.fasta	197	0	0.00	15.2	10.7		0	NA	NA	0	NA	0	NA	NA	0	NA	0	NA	NA	0	NA	0	NA	NA	0	NA
Aga_CPLCG14	CPLCG.fasta	138	0	0.00	4.3	25.4		0	NA	NA	0	NA	0	NA	NA	0	NA	0	NA	NA	0	NA	0	NA	NA	0	NA
Aga_CPLCG15	CPLCG.fasta	124	3	2.42	5.6	21.8		3	24	W	1	W	1	24	WGNGAALQHLAPVSVGSWVQDNSYARIVSPW	0	NA	3	24	W	1	W	1	41	WVQDNSYARIVSPWNY	1	YARIVSPW
Aga_CPLCG16	CPLCG.fasta	169	0	0.00	2.4	27.2		0	NA	NA	0	NA	0	NA	NA	0	NA	0	NA	NA	0	NA	0	NA	NA	0	NA
Aga_CPLCG17	CPLCG.fasta	197	0	0.00	15.7	11.7		0	NA	NA	0	NA	0	NA	NA	0	NA	0	NA	NA	0	NA	0	NA	NA	0	NA
Aga_CPLCG18	CPLCG.fasta	205	0	0.00	15.6	10.2		0	NA	NA	0	NA	0	NA	NA	0	NA	0	NA	NA	0	NA	0	NA	NA	0	NA
Aga_CPLCG19	CPLCG.fasta	168	0	0.00	17.3	10.7		0	NA	NA	0	NA	0	NA	NA	0	NA	0	NA	NA	0	NA	0	NA	NA	0	NA
Aga_CPLCG2	CPLCG.fasta	108	2	1.85	9.3	10.2		2	36	W	2	W	1	36	WPYFYPLGPW	1	WPYFYPLGPW	2	36	W	2	W	1	45	WHDHTPIQPY	1	WHDHTPIQPY
Aga_CPLCG20	CPLCG.fasta	619	1	0.16	5.2	18.1		1	323	W	0	NA	0	NA	NA	0	NA	1	323	W	0	NA	0	NA	NA	0	NA
Aga_CPLCG21	CPLCG.fasta	227	0	0.00	17.2	11.0		0	NA	NA	0	NA	0	NA	NA	0	NA	0	NA	NA	0	NA	0	NA	NA	0	NA
Aga_CPLCG22	CPLCG.fasta	248	0	0.00	2.0	21.0		0	NA	NA	0	NA	0	NA	NA	0	NA	0	NA	NA	0	NA	0	NA	NA	0	NA
Aga_CPLCG23	CPLCG.fasta	133	0	0.00	4.5	29.3		0	NA	NA	0	NA	0	NA	NA	0	NA	0	NA	NA	0	NA	0	NA	NA	0	NA
Aga_CPLCG24	CPLCG.fasta	133	0	0.00	3.8	29.3		0	NA	NA	0	NA	0	NA	NA	0	NA	0	NA	NA	0	NA	0	NA	NA	0	NA
Aga_CPLCG25	CPLCG.fasta	197	0	0.00	16.2	11.2		0	NA	NA	0	NA	0	NA	NA	0	NA	0	NA	NA	0	NA	0	NA	NA	0	NA
Aga_CPLCG26	CPLCG.fasta	198	0	0.00	16.2	10.6		0	NA	NA	0	NA	0	NA	NA	0	NA	0	NA	NA	0	NA	0	NA	NA	0	NA
Aga_CPLCG27	CPLCG.fasta	168	0	0.00	16.7	11.3		0	NA	NA	0	NA	0	NA	NA	0	NA	0	NA	NA	0	NA	0	NA	NA	0	NA
Aga_CPLCG3	CPLCG.fasta	135	1	0.74	7.4	28.1		1	26	W	0	NA	0	NA	NA	0	NA	1	26	W	0	NA	0	NA	NA	0	NA
Aga_CPLCG4	CPLCG.fasta	120	3	2.50	7.5	29.2		3	23	W	0	NA	1	23	WGWPYAGLPAAYPVAAW	0	NA	3	23	W	0	NA	1	39	WPPAAIHAAYPAY	0	NA
Aga_CPLCG5	CPLCG.fasta	139	1	0.72	8.6	32.4		1	48	W	0	NA	0	NA	NA	0	NA	1	48	W	0	NA	1	48	WPYAHAAYPYAH	0	NA
Aga_CPLCG6	CPLCG.fasta	197	0	0.00	15.7	11.2		0	NA	NA	0	NA	0	NA	NA	0	NA	0	NA	NA	0	NA	0	NA	NA	0	NA
Aga_CPLCG7	CPLCG.fasta	163	0	0.00	2.5	27.6		0	NA	NA	0	NA	0	NA	NA	0	NA	0	NA	NA	0	NA	0	NA	NA	0	NA
Aga_CPLCG8	CPLCG.fasta	188	0	0.00	16.5	11.7		0	NA	NA	0	NA	0	NA	NA	0	NA	0	NA	NA	0	NA	0	NA	NA	0	NA
Aga_CPLCG9	CPLCG.fasta	168	0	0.00	16.1	11.3		0	NA	NA	0	NA	0	NA	NA	0	NA	0	NA	NA	0	NA	0	NA	NA	0	NA
Cfe_Unigene362-CPLCG	CPLCG.fasta	113	1	0.88	8.8	22.1		1	113	W	1	W	0	NA	NA	0	NA	1	113	W	1	W	0	NA	NA	0	NA
Cpi_CPLCG5	CPLCG.fasta	129	9	6.98	12.4	29.5		9	20	W	4	W	2	20	WPAGPWGATVVQANNPWPAAHWAGAPWGGAWPGAAW	1	WPGAAWAGAYPYAGAAHWAGAYPYAGAHW	9	20	W	4	W	3	36	WPAAHWAGAPW	2	YPYAGAAHW
Dan_CPLCG1	CPLCG.fasta	136	1	0.74	7.4	27.2		1	12	W	0	NA	0	NA	NA	0	NA	1	12	W	0	NA	0	NA	NA	0	NA
Dan_CPLCG2	CPLCG.fasta	144	8	5.56	14.6	25.0		8	20	W	2	W	2	20	WNVAQIAPGVSYVNSVAHGPGLWGGAWNGAWNGAWNGAW	1	WGLTAPGW	8	20	W	2	W	2	31	YVNSVAHGPGLWGGAW	0	NA
Dan_CPLCG3	CPLCG.fasta	133	3	2.26	6.8	30.1		3	47	W	2	W	1	47	WAAPAAHWPAAVTVGAW	1	WPAAVTVGAW	3	47	W	2	W	1	47	WAAPAAHW	0	NA
Dgr_CPLCG1	CPLCG.fasta	127	1	0.79	6.3	26.8		1	12	W	0	NA	0	NA	NA	0	NA	1	12	W	0	NA	0	NA	NA	0	NA
Dgr_CPLCG2	CPLCG.fasta	146	11	7.53	19.9	24.0		11	20	W	4	W	2	20	WAAIAPGVSYVNSVAHGAGAPWGGAWNGAWNGGWNGAGAW	1	WGHGWGAPAAVAVHASAAPWGVSAPGW	11	20	W	4	W	2	29	YVNSVAHGAGAPW	1	WGHGW
Dgr_CPLCG3	CPLCG.fasta	135	3	2.22	8.1	25.2		3	46	W	1	W	1	46	WGVPAAAHWPAAVSVGAW	0	NA	3	46	W	1	W	1	46	WGVPAAAHW	0	NA
Dme_ACP1	CPLCG.fasta	135	3	2.22	5.9	27.4		3	48	W	1	W	1	48	WAVPAAHWPAAVNVASW	0	NA	3	48	W	1	W	1	48	WAVPAAHW	0	NA
Dme_CG7203	CPLCG.fasta	145	2	1.38	6.2	22.1		2	30	W	1	W	0	NA	NA	0	NA	2	30	W	1	W	0	NA	NA	0	NA
Dme_CG7214	CPLCG.fasta	142	9	6.34	16.2	24.6		9	21	W	2	W	2	21	WAQIAPGVSYVSPVAHGAGLWNGAWNGAWNGAWNGAWNGAPW	1	WGLTGAGW	9	21	W	2	W	2	30	YVSPVAHGAGLWNGAW	0	NA
Dmo_CPLCG1	CPLCG.fasta	123	1	0.81	7.3	26.8		1	12	W	0	NA	0	NA	NA	0	NA	1	12	W	0	NA	0	NA	NA	0	NA
Dmo_CPLCG2	CPLCG.fasta	141	9	6.38	16.3	22.7		9	20	W	2	W	2	20	WAAIAPGVSYVNSVAHGSPALWGGAWNGAWNGAWNGAWNNGW	1	WGLGPLGW	9	20	W	2	W	1	29	YVNSVAHGSPALW	0	NA
Dmo_CPLCG3	CPLCG.fasta	142	3	2.11	10.6	22.5		3	45	W	0	NA	1	45	WGVPAANWPAAVSVASW	0	NA	3	45	W	0	NA	0	NA	NA	0	NA
Dps_CPLCG1	CPLCG.fasta	123	0	0.00	8.1	22.8		0	NA	NA	0	NA	0	NA	NA	0	NA	0	NA	NA	0	NA	0	NA	NA	0	NA
Dps_CPLCG2	CPLCG.fasta	147	10	6.80	19.7	22.4		10	20	W	2	W	2	20	WNALQIAPGVSYVNSVAHGAGAWGGPWNGAWNGGWNGAW	1	WGLTGPGW	10	20	W	2	W	2	31	YVNSVAHGAGAWGGPW	0	NA
Dps_CPLCG3	CPLCG.fasta	135	5	3.70	8.1	27.4		5	47	W	3	W	1	47	WAHAAAPWAPAAAPWGHPAAAWPAAVTVGAW	1	WGHPAAAWPAAVTVGAW	5	47	W	3	W	2	47	WAHAAAPW	1	WGHPAAAW
Dvi_CPLCG1	CPLCG.fasta	127	1	0.79	7.1	29.1		1	12	W	0	NA	0	NA	NA	0	NA	1	12	W	0	NA	0	NA	NA	0	NA
Dvi_CPLCG2	CPLCG.fasta	141	9	6.38	17.7	22.7		9	20	W	2	W	2	20	WAAIAPGVSYVNSVSHGGPGLWGGAWNGAWNGAWNGGWNNGW	1	WGLSAPGW	9	20	W	2	W	2	29	YVNSVSHGGPGLW	0	NA
Dvi_CPLCG3	CPLCG.fasta	129	3	2.33	9.3	23.3		3	45	W	2	W	1	45	WGVPAAHWPAAVSVGSW	1	WPAAVSVGSW	3	45	W	2	W	1	45	WGVPAAHW	0	NA
Dwi_CPLCG1	CPLCG.fasta	144	0	0.00	9.0	27.1		0	NA	NA	0	NA	0	NA	NA	0	NA	0	NA	NA	0	NA	0	NA	NA	0	NA
Dwi_CPLCG2	CPLCG.fasta	137	9	6.57	16.8	21.9		9	20	W	5	W	2	20	WAAISPGVSYVNSVAHGPALGLGLWGGHGAWW	1	WNGNGWNAWNGAAAPWGLTGHGW	9	20	W	5	W	2	29	YVNSVAHGPALGLGLW	1	WGLTGHGW
Dwi_CPLCG3	CPLCG.fasta	135	3	2.22	6.7	25.2		3	46	W	1	W	1	46	WAVPSAHWPAAVTVGAW	0	NA	3	46	W	1	W	2	46	WAVPSAHW	1	WPPAVSHVSH
Aga_CPLCA1	CPLCA.fasta	194	0	0.00	1.5	23.7		0	NA	NA	0	NA	0	NA	NA	0	NA	0	NA	NA	0	NA	0	NA	NA	0	NA
Aga_CPLCA2	CPLCA.fasta	196	1	0.51	1.5	24.5		1	195	W	1	W	0	NA	NA	0	NA	1	195	W	1	W	0	NA	NA	0	NA
Aga_CPLCA3	CPLCA.fasta	128	0	0.00	1.6	21.1		0	NA	NA	0	NA	0	NA	NA	0	NA	0	NA	NA	0	NA	0	NA	NA	0	NA
Cfe_Unigene10128-CPLCA	CPLCA.fasta	85	1	1.18	2.4	18.8		1	85	W	1	W	0	NA	NA	0	NA	1	85	W	1	W	1	77	HSAPILHGW	1	HSAPILHGW
Dme_Retinin	CPLCA.fasta	191	2	1.05	4.2	11.0		2	26	W	1	W	0	NA	NA	0	NA	2	26	W	1	W	0	NA	NA	0	NA
Aga_CPLCP1	CPLCP.fasta	178	2	1.12	6.7	4.5		2	29	W	1	W	0	NA	NA	0	NA	2	29	W	1	W	2	29	WDFGSGHESSF	1	HIKKKSHW
Aga_CPLCP10	CPLCP.fasta	360	1	0.28	2.5	3.1		1	54	W	0	NA	0	NA	NA	0	NA	1	54	W	0	NA	0	NA	NA	0	NA
Aga_CPLCP11	CPLCP.fasta	349	0	0.00	2.3	3.4		0	NA	NA	0	NA	0	NA	NA	0	NA	0	NA	NA	0	NA	0	NA	NA	0	NA
Aga_CPLCP12	CPLCP.fasta	386	0	0.00	4.7	2.8		0	NA	NA	0	NA	0	NA	NA	0	NA	0	NA	NA	0	NA	0	NA	NA	0	NA
Aga_CPLCP13	CPLCP.fasta	185	2	1.08	3.2	4.3		2	30	W	1	W	0	NA	NA	0	NA	2	30	W	1	W	2	30	WDLGSAQHESYESY	1	FTVLIKKEHKKPFW
Aga_CPLCP14	CPLCP.fasta	185	1	0.54	3.2	4.3		1	30	W	0	NA	0	NA	NA	0	NA	1	30	W	0	NA	1	30	WDLGSAQHESYESY	0	NA
Aga_CPLCP15	CPLCP.fasta	185	2	1.08	3.8	3.8		2	30	W	1	W	0	NA	NA	0	NA	2	30	W	1	W	2	30	WELGSAQHDSYESY	1	HIKEHHKKPFW
Aga_CPLCP16	CPLCP.fasta	185	2	1.08	3.8	3.2		2	30	W	1	W	0	NA	NA	0	NA	2	30	W	1	W	2	30	WELGSAQHDSYESY	1	HIKEHHKKPFW
Aga_CPLCP17	CPLCP.fasta	185	1	0.54	3.2	4.3		1	30	W	0	NA	0	NA	NA	0	NA	1	30	W	0	NA	1	30	WELGSAQHDSYESY	0	NA
Aga_CPLCP18	CPLCP.fasta	185	2	1.08	3.8	3.8		2	30	W	1	W	0	NA	NA	0	NA	2	30	W	1	W	2	30	WELGSAQHDSYESY	1	HIKEHHKKPFW
Aga_CPLCP19	CPLCP.fasta	185	2	1.08	3.8	3.8		2	30	W	1	W	0	NA	NA	0	NA	2	30	W	1	W	2	30	WELGSAQHDSYESY	1	HIKEHHKKPFW
Aga_CPLCP2	CPLCP.fasta	688	1	0.15	6.1	4.9		1	52	W	0	NA	0	NA	NA	0	NA	1	52	W	0	NA	1	52	WQAVKKHEKRQTGKKIH	0	NA
Aga_CPLCP20	CPLCP.fasta	185	1	0.54	3.8	2.7		1	30	W	0	NA	0	NA	NA	0	NA	1	30	W	0	NA	1	30	WELGSAQHDSYESY	0	NA
Aga_CPLCP21	CPLCP.fasta	185	2	1.08	3.2	4.9		2	30	W	1	W	0	NA	NA	0	NA	2	30	W	1	W	2	30	WELGSAQHDSYESY	1	HIKEHHKKPFW
Aga_CPLCP22	CPLCP.fasta	185	2	1.08	3.8	3.2		2	30	W	1	W	0	NA	NA	0	NA	2	30	W	1	W	2	30	WELGSAQHDSYESY	1	HIKEHHKKPFW
Aga_CPLCP23	CPLCP.fasta	185	2	1.08	3.8	3.8		2	30	W	1	W	0	NA	NA	0	NA	2	30	W	1	W	2	30	WELGSAQHDSYESY	1	HIKEHHKKPFW
Aga_CPLCP24	CPLCP.fasta	224	2	0.89	2.7	0.9		2	221	W	2	W	1	221	WW	1	WW	2	221	W	2	W	1	208	FTVLIKKEQKKPFWW	1	FTVLIKKEQKKPFWW
Aga_CPLCP25	CPLCP.fasta	176	2	1.14	2.8	5.7		2	30	W	1	W	0	NA	NA	0	NA	2	30	W	1	W	1	165	HIKEHHKKPYW	1	HIKEHHKKPYW
Aga_CPLCP26	CPLCP.fasta	182	2	1.10	3.3	3.8		2	35	W	1	W	0	NA	NA	0	NA	2	35	W	1	W	2	35	WEVESGHDSYEAY	1	HIKEHHKKPYW
Aga_CPLCP27	CPLCP.fasta	176	0	0.00	4.5	4.5		0	NA	NA	0	NA	0	NA	NA	0	NA	0	NA	NA	0	NA	0	NA	NA	0	NA
Aga_CPLCP28	CPLCP.fasta	235	2	0.85	5.5	13.2		2	229	W	2	W	1	229	WATAKLW	1	WATAKLW	2	229	W	2	W	1	229	WATAKLW	1	WATAKLW
Aga_CPLCP3	CPLCP.fasta	346	0	0.00	1.4	2.0		0	NA	NA	0	NA	0	NA	NA	0	NA	0	NA	NA	0	NA	0	NA	NA	0	NA
Aga_CPLCP4	CPLCP.fasta	209	3	1.44	2.9	6.2		3	6	W	1	W	0	NA	NA	0	NA	3	6	W	1	W	3	6	WFLNHCSVKH	1	FVKQSKAQQTKW
Aga_CPLCP5	CPLCP.fasta	271	1	0.37	5.5	4.4		1	25	W	0	NA	0	NA	NA	0	NA	1	25	W	0	NA	1	25	WKF	0	NA
Aga_CPLCP6	CPLCP.fasta	165	0	0.00	0.6	1.8		0	NA	NA	0	NA	0	NA	NA	0	NA	0	NA	NA	0	NA	0	NA	NA	0	NA
Aga_CPLCP7	CPLCP.fasta	368	1	0.27	3.5	4.9		1	104	W	0	NA	0	NA	NA	0	NA	1	104	W	0	NA	1	92	YAPLYKEPTVYNW	0	NA
Aga_CPLCP8	CPLCP.fasta	193	5	2.59	4.1	4.7		5	44	W	2	W	2	44	WDLGYGYESHGWDSHKSHGW	1	WEPHSHSYSEFHSW	5	44	W	2	W	3	44	WDLGYGYESHGWDSH	2	HVPVVVKSHGW
Aga_CPLCP9	CPLCP.fasta	491	1	0.20	0.6	4.7		1	56	W	0	NA	0	NA	NA	0	NA	1	56	W	0	NA	1	56	WSHLSHGYAEQH	0	NA
Bge_CPLCP1	CPLCP.fasta	332	1	0.30	4.5	3.0		1	6	W	0	NA	0	NA	NA	0	NA	1	6	W	0	NA	0	NA	NA	0	NA
Cfe_CL3437.Contig1-CPLCP	CPLCP.fasta	498	2	0.40	19.5	4.8		2	494	W	2	W	1	494	WQKTW	1	WQKTW	2	494	W	2	W	1	489	YSSGEWQKTW	1	YSSGEWQKTW
Cfe_CL4305.Contig1-CPLCP	CPLCP.fasta	312	2	0.64	22.4	6.1		2	306	W	2	W	1	306	WSAGKSW	1	WSAGKSW	2	306	W	2	W	1	306	WSAGKSW	1	WSAGKSW
Cfe_CL4803.Contig1-CPLCP	CPLCP.fasta	614	1	0.16	16.4	2.9		1	7	W	0	NA	0	NA	NA	0	NA	1	7	W	0	NA	0	NA	NA	0	NA
Cfe_Unigene14806-CPLCP	CPLCP.fasta	393	1	0.25	12.2	2.5		1	392	W	1	W	0	NA	NA	0	NA	1	392	W	1	W	0	NA	NA	0	NA
Cfe_Unigene15156-CPLCP	CPLCP.fasta	444	0	0.00	15.5	1.6		0	NA	NA	0	NA	0	NA	NA	0	NA	0	NA	NA	0	NA	0	NA	NA	0	NA
Foc_CPLCP1	CPLCP.fasta	334	1	0.30	4.2	6.0		1	333	W	1	W	0	NA	NA	0	NA	1	333	W	1	W	1	317	HVKHEEHHQHHEEHHPW	1	HVKHEEHHQHHEEHHPW
Foc_CPLCP10	CPLCP.fasta	271	0	0.00	10.3	6.3		0	NA	NA	0	NA	0	NA	NA	0	NA	0	NA	NA	0	NA	0	NA	NA	0	NA
Foc_CPLCP11	CPLCP.fasta	655	1	0.15	7.0	9.6		1	347	W	0	NA	0	NA	NA	0	NA	1	347	W	0	NA	0	NA	NA	0	NA
Foc_CPLCP12	CPLCP.fasta	241	1	0.41	9.5	6.6		1	241	W	1	W	0	NA	NA	0	NA	1	241	W	1	W	1	227	HGIDLGHGLSHGHGW	1	HGIDLGHGLSHGHGW
Foc_CPLCP13	CPLCP.fasta	765	1	0.13	6.3	17.9		1	544	W	0	NA	0	NA	NA	0	NA	1	544	W	0	NA	0	NA	NA	0	NA
Foc_CPLCP14	CPLCP.fasta	478	0	0.00	17.4	9.6		0	NA	NA	0	NA	0	NA	NA	0	NA	0	NA	NA	0	NA	0	NA	NA	0	NA
Foc_CPLCP15	CPLCP.fasta	268	0	0.00	6.7	15.3		0	NA	NA	0	NA	0	NA	NA	0	NA	0	NA	NA	0	NA	0	NA	NA	0	NA
Foc_CPLCP16	CPLCP.fasta	437	0	0.00	15.8	10.1		0	NA	NA	0	NA	0	NA	NA	0	NA	0	NA	NA	0	NA	0	NA	NA	0	NA
Foc_CPLCP2	CPLCP.fasta	286	0	0.00	4.9	3.8		0	NA	NA	0	NA	0	NA	NA	0	NA	0	NA	NA	0	NA	0	NA	NA	0	NA
Foc_CPLCP3	CPLCP.fasta	294	0	0.00	15.3	8.8		0	NA	NA	0	NA	0	NA	NA	0	NA	0	NA	NA	0	NA	0	NA	NA	0	NA
Foc_CPLCP4	CPLCP.fasta	448	1	0.22	9.2	15.2		1	34	W	0	NA	0	NA	NA	0	NA	1	34	W	0	NA	1	22	FAFCQPRQHRPVW	0	NA
Foc_CPLCP5	CPLCP.fasta	209	0	0.00	7.7	3.8		0	NA	NA	0	NA	0	NA	NA	0	NA	0	NA	NA	0	NA	0	NA	NA	0	NA
Foc_CPLCP6	CPLCP.fasta	240	4	1.67	5.8	7.9		4	204	W	4	W	1	204	WRPVPVPHYIPKHVPVPAPYPVTILVKEHIWKKGGWW	1	WRPVPVPHYIPKHVPVPAPYPVTILVKEHIWKKGGWW	4	204	W	4	W	2	189	HVEHVPVHVHVPVPRW	2	HVEHVPVHVHVPVPRW
Foc_CPLCP7	CPLCP.fasta	425	5	1.18	8.2	8.2		5	12	W	2	W	2	12	WVRLMDGLGHFDSHGVGLWHVDGHVHLHW	1	WW	5	12	W	2	W	4	7	HVHRHW	1	YPVTVLVKEHIHQKGGW
Foc_CPLCP8	CPLCP.fasta	233	3	1.29	9.9	6.4		3	198	W	3	W	1	198	WVPKPYPVPVPVKQYIHKKYIHKTYKVKSHDDEGWW	1	WVPKPYPVPVPVKQYIHKKYIHKTYKVKSHDDEGWW	3	198	W	3	W	2	184	HVPVDVPKPYPVKVW	2	HVPVDVPKPYPVKVW
Foc_CPLCP9	CPLCP.fasta	223	0	0.00	9.4	6.7		0	NA	NA	0	NA	0	NA	NA	0	NA	0	NA	NA	0	NA	0	NA	NA	0	NA
Nlu_CPLCP1	CPLCP.fasta	306	0	0.00	9.8	1.0		0	NA	NA	0	NA	0	NA	NA	0	NA	0	NA	NA	0	NA	0	NA	NA	0	NA
Nlu_CPLCP2	CPLCP.fasta	325	0	0.00	7.7	3.4		0	NA	NA	0	NA	0	NA	NA	0	NA	0	NA	NA	0	NA	0	NA	NA	0	NA
Nlu_CPLCP3	CPLCP.fasta	274	0	0.00	6.6	1.8		0	NA	NA	0	NA	0	NA	NA	0	NA	0	NA	NA	0	NA	0	NA	NA	0	NA
Nlu_CPLCP4	CPLCP.fasta	200	1	0.50	6.0	6.5		1	48	W	0	NA	0	NA	NA	0	NA	1	48	W	0	NA	1	40	YGLDLSHGW	0	NA
Nlu_CPLCP5	CPLCP.fasta	313	0	0.00	6.1	1.9		0	NA	NA	0	NA	0	NA	NA	0	NA	0	NA	NA	0	NA	0	NA	NA	0	NA
Nlu_CPLCP6	CPLCP.fasta	294	0	0.00	2.7	1.4		0	NA	NA	0	NA	0	NA	NA	0	NA	0	NA	NA	0	NA	0	NA	NA	0	NA
