protein_id	source_fasta	length	proline_percent	valine_percent	tyrosine_percent	lysine_percent	histidine_percent	glycine_percent	acidic_polar_percent_full	acidic_polar_percent_Nterm80	histidine_percent_Cterm80	PV_count	PY_count	weird_characters	GLWD_or_GLWE_count	GLWD_or_GLWE_first_start	GLWD_or_GLWE_first_match	GLWD_or_GLWE_last80_count	GLWD_or_GLWE_last80_first_match	PV_or_PY_count	PV_or_PY_first_start	PV_or_PY_first_match	PV_or_PY_last80_count	PV_or_PY_last80_first_match	H_cluster_3_in_20_count	H_cluster_3_in_20_first_start	H_cluster_3_in_20_first_match	H_cluster_3_in_20_last80_count	H_cluster_3_in_20_last80_first_match	GYH_rich_short_count	GYH_rich_short_first_start	GYH_rich_short_first_match	GYH_rich_short_last80_count	GYH_rich_short_last80_first_match
Aga_CPLCP1	CPLCP.fasta	178	11.2	23.6	4.5	14.6	6.7	6.7	16.3	20.0	7.5	15	4		0	NA	NA	0	NA	19	70	PV	12	PV	2	48	HDFGGLHKEEEH	1	HIKKKSHWH	0	NA	NA	0	NA
Aga_CPLCP10	CPLCP.fasta	360	19.2	24.2	5.8	11.4	9.2	2.5	16.9	32.5	20.0	47	16		0	NA	NA	0	NA	63	24	PV	13	PV	4	64	HHEVPHFETH	3	HVPVHHEEEHHHH	0	NA	NA	0	NA
Aga_CPLCP11	CPLCP.fasta	349	19.8	23.2	7.2	10.9	10.9	2.3	14.3	28.8	17.5	44	17		0	NA	NA	0	NA	61	86	PV	17	PV	4	48	HDFGGHDFSGHH	2	HVPVHHHHEHEH	0	NA	NA	0	NA
Aga_CPLCP12	CPLCP.fasta	386	17.6	22.0	8.5	9.6	9.1	4.7	17.4	21.2	22.5	38	21		0	NA	NA	0	NA	59	100	PV	11	PV	3	64	HLGGAYHEAHDHH	2	HHDHHHHHLEHLH	2	75	HHYGHG	1	HHHHHH
Aga_CPLCP13	CPLCP.fasta	185	11.4	20.5	9.7	14.1	4.3	3.2	22.7	32.5	5.0	13	5		1	28	GLWD	0	NA	18	72	PV	11	PV	0	NA	NA	0	NA	0	NA	NA	0	NA
Aga_CPLCP14	CPLCP.fasta	185	11.4	20.0	9.7	14.1	4.3	3.2	22.7	32.5	5.0	13	5		1	28	GLWD	0	NA	18	72	PV	11	PV	0	NA	NA	0	NA	0	NA	NA	0	NA
Aga_CPLCP15	CPLCP.fasta	185	11.4	23.8	8.6	13.5	5.4	3.8	21.6	31.2	7.5	13	5		1	28	GLWE	0	NA	18	72	PV	11	PV	1	174	HIKEHH	1	HIKEHH	0	NA	NA	0	NA
Aga_CPLCP16	CPLCP.fasta	185	10.8	23.8	8.6	13.5	5.4	3.8	22.7	33.8	7.5	13	5		1	28	GLWE	0	NA	18	72	PV	11	PV	1	174	HIKEHH	1	HIKEHH	0	NA	NA	0	NA
Aga_CPLCP17	CPLCP.fasta	185	11.4	20.5	9.7	14.1	4.3	3.2	22.7	32.5	5.0	13	5		1	28	GLWE	0	NA	18	72	PV	11	PV	0	NA	NA	0	NA	0	NA	NA	0	NA
Aga_CPLCP18	CPLCP.fasta	185	10.8	23.8	8.6	13.5	5.4	3.8	22.2	32.5	7.5	13	5		1	28	GLWE	0	NA	18	72	PV	11	PV	1	174	HIKEHH	1	HIKEHH	0	NA	NA	0	NA
Aga_CPLCP19	CPLCP.fasta	185	10.8	23.8	8.6	13.5	5.4	3.8	22.2	32.5	7.5	13	5		1	28	GLWE	0	NA	18	72	PV	11	PV	1	174	HIKEHH	1	HIKEHH	0	NA	NA	0	NA
Aga_CPLCP2	CPLCP.fasta	688	9.6	11.3	5.5	9.7	5.8	6.1	37.1	27.5	2.5	23	14		0	NA	NA	0	NA	37	160	PY	0	NA	3	142	HHHHHHHHNH	0	NA	1	142	HHHHHHHH	0	NA
Aga_CPLCP20	CPLCP.fasta	185	11.9	22.2	9.7	13.5	3.8	3.8	23.2	33.8	5.0	14	5		1	28	GLWE	0	NA	19	72	PV	11	PV	0	NA	NA	0	NA	0	NA	NA	0	NA
Aga_CPLCP21	CPLCP.fasta	185	10.8	22.2	8.6	14.1	5.4	3.2	22.2	32.5	7.5	13	5		1	28	GLWE	0	NA	18	72	PV	11	PV	1	174	HIKEHH	1	HIKEHH	0	NA	NA	0	NA
Aga_CPLCP22	CPLCP.fasta	185	10.8	24.3	8.6	13.5	5.4	3.8	22.2	32.5	7.5	13	5		1	28	GLWE	0	NA	18	72	PV	11	PV	1	174	HIKEHH	1	HIKEHH	0	NA	NA	0	NA
Aga_CPLCP23	CPLCP.fasta	185	10.8	23.8	8.6	13.5	5.4	3.8	22.2	32.5	7.5	13	5		1	28	GLWE	0	NA	18	72	PV	11	PV	1	174	HIKEHH	1	HIKEHH	0	NA	NA	0	NA
Aga_CPLCP24	CPLCP.fasta	224	11.2	18.8	10.3	10.7	5.4	2.7	31.2	45.0	2.5	10	5		0	NA	NA	0	NA	15	109	PV	10	PV	0	NA	NA	0	NA	0	NA	NA	0	NA
Aga_CPLCP25	CPLCP.fasta	176	10.8	22.7	9.7	14.8	4.5	2.8	19.3	25.0	7.5	13	5		1	28	GLWE	0	NA	18	63	PV	12	PV	1	165	HIKEHH	1	HIKEHH	0	NA	NA	0	NA
Aga_CPLCP26	CPLCP.fasta	182	12.1	22.5	8.2	13.2	4.9	3.3	20.3	27.5	6.2	13	6		1	33	GLWE	0	NA	19	69	PV	12	PV	1	171	HIKEHH	1	HIKEHH	0	NA	NA	0	NA
Aga_CPLCP27	CPLCP.fasta	176	10.8	24.4	10.2	10.2	4.5	4.5	22.7	28.8	6.2	13	4		0	NA	NA	0	NA	17	68	PY	11	PV	0	NA	NA	0	NA	0	NA	NA	0	NA
Aga_CPLCP28	CPLCP.fasta	235	19.1	17.0	5.1	6.4	5.1	5.5	13.6	23.8	3.8	20	8		0	NA	NA	0	NA	28	63	PV	18	PY	2	67	HAFAHHVHQH	0	NA	0	NA	NA	0	NA
Aga_CPLCP3	CPLCP.fasta	346	15.3	22.0	9.0	15.0	6.6	1.4	21.1	32.5	12.5	16	26		0	NA	NA	0	NA	42	81	PV	12	PY	3	56	HDFGGHDEHHHHH	2	HVPVHVHKEEHHDH	0	NA	NA	0	NA
Aga_CPLCP4	CPLCP.fasta	209	13.9	15.8	2.9	10.5	3.8	2.9	21.1	26.2	2.5	10	4		0	NA	NA	0	NA	14	50	PV	8	PV	0	NA	NA	0	NA	0	NA	NA	0	NA
Aga_CPLCP5	CPLCP.fasta	271	8.5	11.4	4.8	6.6	6.6	5.5	28.4	25.0	3.8	9	3		0	NA	NA	0	NA	12	176	PV	9	PV	2	95	HHGAANPH	0	NA	1	117	GHHHHHH	0	NA
Aga_CPLCP6	CPLCP.fasta	165	14.5	26.1	5.5	15.2	7.9	0.6	17.6	23.8	8.8	17	5		0	NA	NA	0	NA	22	18	PV	13	PV	2	41	HHHVKH	1	HIKKVKKHHH	0	NA	NA	0	NA
Aga_CPLCP7	CPLCP.fasta	368	8.4	15.2	5.4	10.3	9.8	3.5	31.5	28.8	8.8	14	6		0	NA	NA	0	NA	20	117	PV	1	PV	5	236	HESHSHEHSHEHEH	2	HVVHH	0	NA	NA	0	NA
Aga_CPLCP8	CPLCP.fasta	193	11.4	22.8	5.7	13.0	8.8	4.1	20.2	26.2	12.5	13	5		1	42	GLWD	0	NA	18	78	PY	10	PV	2	53	HGWDSHKSH	1	HGWEPHSHSYSEFH	0	NA	NA	0	NA
Aga_CPLCP9	CPLCP.fasta	491	11.0	15.9	9.0	10.8	8.1	0.6	31.2	40.0	20.0	19	19		0	NA	NA	0	NA	38	108	PV	0	NA	7	58	HLSHGYAEQH	4	HQEAPAHTAYH	0	NA	NA	0	NA
Bge_CPLCP1	CPLCP.fasta	332	22.3	17.8	6.0	4.2	1.2	4.5	22.9	40.0	1.2	32	10		0	NA	NA	0	NA	42	100	PV	11	PY	0	NA	NA	0	NA	0	NA	NA	0	NA
Cfe_CL3437.Contig1-CPLCP	CPLCP.fasta	498	7.0	13.3	2.8	4.4	3.0	19.5	31.5	28.8	2.5	19	5		0	NA	NA	0	NA	24	195	PV	0	NA	2	181	HVHKH	0	NA	0	NA	NA	0	NA
Cfe_CL4305.Contig1-CPLCP	CPLCP.fasta	312	10.3	13.8	3.2	1.3	1.9	22.4	21.2	23.8	2.5	18	0		0	NA	NA	0	NA	18	139	PV	1	PV	0	NA	NA	0	NA	0	NA	NA	0	NA
Cfe_CL4803.Contig1-CPLCP	CPLCP.fasta	614	5.9	10.7	2.3	5.7	2.6	16.4	38.8	32.5	5.0	17	5		0	NA	NA	0	NA	22	228	PV	0	NA	1	349	HIVRVHHQDIVEH	0	NA	0	NA	NA	0	NA
Cfe_Unigene14806-CPLCP	CPLCP.fasta	393	15.0	19.6	7.1	12.2	5.3	12.2	17.0	22.5	11.2	27	22		0	NA	NA	0	NA	49	119	PV	12	PV	2	104	HHHEH	1	HIPVKVEHHHHH	4	54	GGGGGGG	1	GGGGGGHG
Cfe_Unigene15156-CPLCP	CPLCP.fasta	444	14.9	17.1	5.4	10.8	9.0	15.5	15.8	21.2	17.5	39	19		0	NA	NA	0	NA	58	143	PV	5	PV	3	126	HEHHEHH	2	HVPVHEEHHEEHH	6	45	GYGGGH	1	GGHGGYH
Foc_CPLCP1	CPLCP.fasta	334	16.2	19.8	6.3	10.5	8.4	4.2	20.4	32.5	13.8	26	16		0	NA	NA	0	NA	42	129	PY	14	PV	3	91	HEELGGHELHGYHH	1	HVKHEEHHQHHEEHH	1	100	HGYHHH	0	NA
Foc_CPLCP10	CPLCP.fasta	271	8.9	13.3	8.5	7.0	10.3	10.3	21.4	27.5	21.2	12	8		0	NA	NA	0	NA	20	90	PV	0	NA	5	69	HDLHDLHDDHHHH	4	HHDEHYSH	1	49	GYGHGYGY	0	NA
Foc_CPLCP11	CPLCP.fasta	655	15.3	12.1	5.3	5.2	4.9	7.0	24.4	30.0	6.2	27	17		0	NA	NA	0	NA	44	177	PY	0	NA	2	279	HQHHEEH	0	NA	0	NA	NA	0	NA
Foc_CPLCP12	CPLCP.fasta	241	14.9	23.7	2.5	5.0	6.2	9.5	15.8	21.2	8.8	24	5		0	NA	NA	0	NA	29	95	PV	12	PV	2	77	HVISEPHVTH	1	HGIDLGHGLSHGH	0	NA	NA	0	NA
Foc_CPLCP13	CPLCP.fasta	765	14.5	13.2	4.3	2.9	11.2	6.3	15.8	20.0	28.8	49	6		0	NA	NA	0	NA	55	85	PV	8	PV	10	24	HAHLGGH	3	HYHHYPEVIHH	2	600	HGHHHHH	1	HHHHHH
Foc_CPLCP14	CPLCP.fasta	478	6.9	8.4	6.7	3.3	2.7	17.4	30.3	33.8	0.0	14	8		0	NA	NA	0	NA	22	231	PY	0	NA	2	214	HIVSEHHH	0	NA	0	NA	NA	0	NA
Foc_CPLCP15	CPLCP.fasta	268	16.0	15.3	6.3	3.4	3.4	6.7	22.0	26.2	6.2	20	8		0	NA	NA	0	NA	28	116	PV	14	PY	1	123	HIVSEHHH	0	NA	0	NA	NA	0	NA
Foc_CPLCP16	CPLCP.fasta	437	7.3	8.9	6.9	3.7	2.7	15.8	29.7	36.2	0.0	14	8		0	NA	NA	0	NA	22	174	PY	0	NA	1	157	HIVSEHHH	0	NA	0	NA	NA	0	NA
Foc_CPLCP2	CPLCP.fasta	286	16.8	22.7	8.0	10.1	9.1	4.9	15.7	28.8	10.0	28	15		0	NA	NA	0	NA	43	86	PY	15	PV	3	63	HDHGAHSH	1	HIEKHHGHGH	3	36	GYGYGG	1	HHGHGHY
Foc_CPLCP3	CPLCP.fasta	294	13.3	17.0	5.8	4.8	7.1	15.3	13.9	21.2	8.8	18	9		0	NA	NA	0	NA	27	39	PV	9	PV	2	111	HGLVGGHGLVLGGH	0	NA	0	NA	NA	0	NA
Foc_CPLCP4	CPLCP.fasta	448	11.8	10.7	6.9	2.7	9.6	9.2	20.1	30.0	7.5	21	2		0	NA	NA	0	NA	23	32	PV	0	NA	5	89	HAEQVVEHVEQH	0	NA	1	183	YGGGYGHGYGHGYG	0	NA
Foc_CPLCP5	CPLCP.fasta	209	12.9	14.8	10.0	8.6	9.6	7.7	20.1	25.0	13.8	11	9		0	NA	NA	0	NA	20	81	PY	10	PY	3	64	HEYGHH	2	HHHEH	1	37	GYGYGG	0	NA
Foc_CPLCP6	CPLCP.fasta	240	14.2	20.0	2.9	5.0	12.5	5.8	17.1	30.0	11.2	20	3		0	NA	NA	0	NA	23	8	PV	13	PV	4	72	HVDHVPVAHAH	1	HVEHVPVHVH	0	NA	NA	0	NA
Foc_CPLCP7	CPLCP.fasta	425	14.8	12.9	4.2	3.1	8.2	8.2	25.2	15.0	8.8	19	6		0	NA	NA	0	NA	25	101	PV	13	PY	6	7	HVHRH	0	NA	1	82	GYGGHG	0	NA
Foc_CPLCP8	CPLCP.fasta	233	17.6	18.0	6.0	6.4	5.6	9.9	17.6	18.8	10.0	16	6		0	NA	NA	0	NA	22	24	PV	13	PV	0	NA	NA	0	NA	1	63	GGGYGG	0	NA
Foc_CPLCP9	CPLCP.fasta	223	11.7	17.9	8.1	7.6	8.5	9.4	16.6	20.0	11.2	15	7		0	NA	NA	0	NA	22	95	PY	10	PY	2	57	HGLDLGHSLSHGH	1	HSHHDLHLDHH	0	NA	NA	0	NA
Nlu_CPLCP1	CPLCP.fasta	306	12.7	17.6	7.2	10.1	3.3	9.8	25.8	37.5	3.8	17	14		0	NA	NA	0	NA	31	140	PV	13	PV	1	301	HVGKHH	1	HVGKHH	0	NA	NA	0	NA
Nlu_CPLCP2	CPLCP.fasta	325	18.2	19.7	10.8	10.8	6.8	7.7	15.7	22.5	10.0	35	19		0	NA	NA	0	NA	54	104	PY	16	PY	2	84	HHYEPHSH	1	HVPVHVPVKEHH	1	53	GYGGGYGGGYGGGYGGGYGGGY	0	NA
Nlu_CPLCP3	CPLCP.fasta	274	18.6	19.3	6.9	8.8	9.1	6.6	16.8	31.2	12.5	31	15		0	NA	NA	0	NA	46	19	PV	17	PY	3	66	HHFGGFDHGFGHH	1	HHGHHGHGFFDH	1	255	HHGHHGHG	1	HHGHHGHG
Nlu_CPLCP4	CPLCP.fasta	200	17.0	19.0	6.5	7.5	7.5	6.0	15.0	26.2	10.0	20	6		0	NA	NA	0	NA	26	81	PY	15	PV	2	54	HGFGLDHGLSLDH	1	HVEHFEPHEALGYHH	0	NA	NA	0	NA
Nlu_CPLCP5	CPLCP.fasta	313	17.6	20.1	7.7	10.9	8.3	6.1	19.8	31.2	17.5	29	19		0	NA	NA	0	NA	48	99	PV	14	PY	3	83	HHDEHH	2	HVPIHVPVHHH	1	73	GGHYGGG	0	NA
Nlu_CPLCP6	CPLCP.fasta	294	17.7	22.4	8.2	10.9	8.5	2.7	21.1	42.5	11.2	29	16		0	NA	NA	0	NA	45	89	PV	16	PY	3	62	HYTPEHYPRSYPH	1	HVPVHEKEHH	0	NA	NA	0	NA
Aga_CPLCA1	CPLCA.fasta	194	9.3	16.0	9.3	5.2	3.6	1.5	23.2	26.2	2.5	7	0		0	NA	NA	0	NA	7	88	PV	4	PV	0	NA	NA	0	NA	0	NA	NA	0	NA
Aga_CPLCA2	CPLCA.fasta	196	8.7	17.3	8.2	5.1	3.6	1.5	23.0	25.0	2.5	6	0		0	NA	NA	0	NA	6	103	PV	4	PV	0	NA	NA	0	NA	0	NA	NA	0	NA
Aga_CPLCA3	CPLCA.fasta	128	8.6	10.2	8.6	5.5	4.7	1.6	22.7	25.0	7.5	0	0		0	NA	NA	0	NA	0	NA	NA	0	NA	1	120	HDAYAYHH	1	HDAYAYHH	0	NA	NA	0	NA
Cfe_Unigene10128-CPLCA	CPLCA.fasta	85	9.4	16.5	1.2	1.2	9.4	2.4	17.6	18.8	10.0	0	0		0	NA	NA	0	NA	0	NA	NA	0	NA	2	33	HVPTSISHSSSSIVH	2	HVPTSISHSSSSIVH	0	NA	NA	0	NA
Dme_Retinin	CPLCA.fasta	191	7.9	14.1	0.0	1.0	2.6	4.2	36.1	45.0	5.0	2	0		0	NA	NA	0	NA	2	7	PV	0	NA	1	136	HVPTAVSHQTQTVVH	1	HVPTAVSHQTQTVVH	0	NA	NA	0	NA
Aga_CPLC#	CPLCG.fasta	120	12.5	13.3	4.2	0.8	7.5	7.5	10.8	3.8	11.2	1	1		0	NA	NA	0	NA	2	26	PY	0	NA	0	NA	NA	0	NA	0	NA	NA	0	NA
Aga_CPLC8	CPLCG.fasta	135	10.4	9.6	3.0	0.7	8.9	7.4	13.3	8.8	10.0	0	3		0	NA	NA	0	NA	3	22	PY	0	NA	1	44	HPYGAISHAAIH	0	NA	0	NA	NA	0	NA
Aga_CPLCG1	CPLCG.fasta	125	15.2	12.8	0.8	0.8	2.4	8.0	20.8	17.5	3.8	1	0		0	NA	NA	0	NA	1	60	PV	1	PV	0	NA	NA	0	NA	0	NA	NA	0	NA
Aga_CPLCG10	CPLCG.fasta	163	9.2	18.4	6.7	1.8	1.8	2.5	22.1	20.0	2.5	3	0		0	NA	NA	0	NA	3	24	PV	2	PV	0	NA	NA	0	NA	0	NA	NA	0	NA
Aga_CPLCG11	CPLCG.fasta	191	6.3	11.0	13.1	3.7	3.1	14.7	22.0	25.0	5.0	1	3		0	NA	NA	0	NA	4	29	PY	1	PV	0	NA	NA	0	NA	2	111	YGGYYG	1	HGYGYGY
Aga_CPLCG12	CPLCG.fasta	163	8.6	18.4	6.1	1.8	1.8	2.5	22.7	20.0	2.5	2	0		0	NA	NA	0	NA	2	24	PV	1	PV	0	NA	NA	0	NA	0	NA	NA	0	NA
Aga_CPLCG13	CPLCG.fasta	197	6.1	11.2	13.2	3.6	4.1	15.2	21.8	26.2	6.2	1	3		0	NA	NA	0	NA	4	29	PY	1	PV	0	NA	NA	0	NA	2	82	YGGYYG	0	NA
Aga_CPLCG14	CPLCG.fasta	138	8.7	17.4	8.7	1.4	3.6	4.3	21.0	20.0	6.2	1	2		0	NA	NA	0	NA	3	54	PY	2	PY	0	NA	NA	0	NA	0	NA	NA	0	NA
Aga_CPLCG15	CPLCG.fasta	124	8.1	15.3	6.5	1.6	2.4	5.6	23.4	22.5	2.5	3	1		0	NA	NA	0	NA	4	35	PV	3	PV	0	NA	NA	0	NA	0	NA	NA	0	NA
Aga_CPLCG16	CPLCG.fasta	169	8.9	16.0	9.5	3.0	3.6	2.4	22.5	25.0	5.0	3	0		0	NA	NA	0	NA	3	75	PV	1	PV	0	NA	NA	0	NA	0	NA	NA	0	NA
Aga_CPLCG17	CPLCG.fasta	197	6.1	11.7	13.2	3.6	4.1	15.7	20.3	22.5	6.2	1	3		0	NA	NA	0	NA	4	29	PY	1	PV	0	NA	NA	0	NA	3	82	YGGYYG	1	GHGYGYGY
Aga_CPLCG18	CPLCG.fasta	205	5.9	10.7	12.7	3.4	4.9	15.6	20.0	20.0	6.2	1	3		0	NA	NA	0	NA	4	37	PY	1	PV	0	NA	NA	0	NA	3	90	YGGYYG	1	GHGYGYGY
Aga_CPLCG19	CPLCG.fasta	168	6.0	10.1	13.1	3.0	4.8	17.3	20.2	23.8	6.2	1	3		0	NA	NA	0	NA	4	29	PY	1	PV	0	NA	NA	0	NA	2	82	YGGYYG	1	GHGYGYGY
Aga_CPLCG2	CPLCG.fasta	108	13.9	6.5	5.6	0.0	3.7	9.3	22.2	21.2	5.0	2	2		0	NA	NA	0	NA	4	37	PY	4	PY	0	NA	NA	0	NA	0	NA	NA	0	NA
Aga_CPLCG20	CPLCG.fasta	619	8.6	16.3	9.5	4.0	1.3	5.2	26.0	18.8	2.5	14	1		0	NA	NA	0	NA	15	24	PV	1	PV	0	NA	NA	0	NA	0	NA	NA	0	NA
Aga_CPLCG21	CPLCG.fasta	227	5.7	10.6	13.2	3.1	5.3	17.2	20.3	22.5	7.5	2	3		0	NA	NA	0	NA	5	29	PY	1	PV	0	NA	NA	0	NA	3	82	YGGYYG	1	GHGYGYGY
Aga_CPLCG22	CPLCG.fasta	248	10.1	19.0	8.9	3.6	0.8	2.0	29.0	28.8	2.5	6	0		0	NA	NA	0	NA	6	26	PV	1	PV	0	NA	NA	0	NA	0	NA	NA	0	NA
Aga_CPLCG23	CPLCG.fasta	133	10.5	3.8	9.0	2.3	2.3	4.5	18.8	13.8	2.5	0	2		0	NA	NA	0	NA	2	64	PY	2	PY	0	NA	NA	0	NA	0	NA	NA	0	NA
Aga_CPLCG24	CPLCG.fasta	133	10.5	3.8	9.0	2.3	2.3	3.8	19.5	13.8	2.5	0	2		0	NA	NA	0	NA	2	64	PY	2	PY	0	NA	NA	0	NA	0	NA	NA	0	NA
Aga_CPLCG25	CPLCG.fasta	197	6.1	11.2	13.2	3.6	4.1	16.2	20.8	23.8	6.2	1	3		0	NA	NA	0	NA	4	29	PY	1	PV	0	NA	NA	0	NA	3	82	YGGYYG	1	GHGYGYGY
Aga_CPLCG26	CPLCG.fasta	198	6.6	10.6	13.1	3.5	4.0	16.2	21.2	23.8	6.2	1	3		0	NA	NA	0	NA	4	29	PY	1	PV	0	NA	NA	0	NA	3	83	YGGYYG	1	GHGYGYGY
Aga_CPLCG27	CPLCG.fasta	168	5.4	10.1	13.1	3.0	4.8	16.7	20.2	23.8	6.2	1	3		0	NA	NA	0	NA	4	29	PY	1	PV	0	NA	NA	0	NA	2	82	YGGYYG	1	GHGYGYGY
Aga_CPLCG3	CPLCG.fasta	135	10.4	9.6	3.0	0.7	8.9	7.4	13.3	8.8	10.0	0	3		0	NA	NA	0	NA	3	22	PY	0	NA	1	44	HPYGAISHAAIH	0	NA	0	NA	NA	0	NA
Aga_CPLCG4	CPLCG.fasta	120	12.5	13.3	4.2	0.8	7.5	7.5	10.8	3.8	11.2	1	1		0	NA	NA	0	NA	2	26	PY	0	NA	0	NA	NA	0	NA	0	NA	NA	0	NA
Aga_CPLCG5	CPLCG.fasta	139	10.8	10.1	10.1	1.4	6.5	8.6	10.1	5.0	8.8	0	6		0	NA	NA	0	NA	6	22	PY	1	PY	1	52	HAAYPYAHAGYPYAH	0	NA	0	NA	NA	0	NA
Aga_CPLCG6	CPLCG.fasta	197	6.1	11.2	13.2	3.6	4.1	15.7	21.3	23.8	6.2	2	3		0	NA	NA	0	NA	5	29	PY	1	PV	0	NA	NA	0	NA	2	82	YGGYYG	1	GHGYGYGY
Aga_CPLCG7	CPLCG.fasta	163	9.2	18.4	6.7	1.8	1.8	2.5	21.5	18.8	2.5	3	0		0	NA	NA	0	NA	3	24	PV	2	PV	0	NA	NA	0	NA	0	NA	NA	0	NA
Aga_CPLCG8	CPLCG.fasta	188	6.4	10.1	13.8	3.2	4.3	16.5	20.2	23.8	6.2	1	3		0	NA	NA	0	NA	4	29	PY	1	PV	0	NA	NA	0	NA	3	82	YGGYYG	2	YGGYYG
Aga_CPLCG9	CPLCG.fasta	168	6.0	10.1	13.1	3.0	4.2	16.1	20.8	25.0	6.2	1	3		0	NA	NA	0	NA	4	29	PY	1	PV	0	NA	NA	0	NA	1	123	GHGYGYGY	1	GHGYGYGY
Cfe_Unigene362-CPLCG	CPLCG.fasta	113	11.5	14.2	5.3	0.9	8.0	8.8	15.0	12.5	11.2	5	1		0	NA	NA	0	NA	6	37	PV	6	PV	2	56	HYSAPVVHAAPVVH	2	HYSAPVVHAAPVVH	0	NA	NA	0	NA
Cpi_CPLCG5	CPLCG.fasta	129	10.1	10.1	3.1	1.6	5.4	12.4	13.2	8.8	7.5	0	2		0	NA	NA	0	NA	2	60	PY	2	PY	0	NA	NA	0	NA	0	NA	NA	0	NA
Dan_CPLCG1	CPLCG.fasta	136	11.8	20.6	0.7	0.7	3.7	7.4	14.0	11.2	5.0	3	0		0	NA	NA	0	NA	3	52	PV	2	PV	0	NA	NA	0	NA	0	NA	NA	0	NA
Dan_CPLCG2	CPLCG.fasta	144	7.6	9.7	1.4	1.4	4.2	14.6	16.7	17.5	6.2	0	0		0	NA	NA	0	NA	0	NA	NA	0	NA	0	NA	NA	0	NA	0	NA	NA	0	NA
Dan_CPLCG3	CPLCG.fasta	133	10.5	14.3	1.5	0.0	6.0	6.8	15.8	13.8	7.5	1	0		0	NA	NA	0	NA	1	94	PV	1	PV	0	NA	NA	0	NA	0	NA	NA	0	NA
Dgr_CPLCG1	CPLCG.fasta	127	12.6	18.9	0.8	0.8	3.9	6.3	14.2	12.5	3.8	2	0		0	NA	NA	0	NA	2	52	PV	2	PV	0	NA	NA	0	NA	0	NA	NA	0	NA
Dgr_CPLCG2	CPLCG.fasta	146	6.2	11.6	1.4	0.7	5.5	19.9	15.1	12.5	7.5	0	0		0	NA	NA	0	NA	0	NA	NA	0	NA	0	NA	NA	0	NA	0	NA	NA	0	NA
Dgr_CPLCG3	CPLCG.fasta	135	11.1	14.1	1.5	0.0	5.2	8.1	17.8	17.5	6.2	2	0		0	NA	NA	0	NA	2	40	PV	1	PV	0	NA	NA	0	NA	0	NA	NA	0	NA
Dme_ACP1	CPLCG.fasta	135	11.1	14.8	1.5	0.7	5.2	5.9	17.0	15.0	6.2	1	0		0	NA	NA	0	NA	1	96	PV	1	PV	0	NA	NA	0	NA	0	NA	NA	0	NA
Dme_CG7203	CPLCG.fasta	145	10.3	20.7	0.7	2.1	2.8	6.2	20.7	23.8	3.8	2	0		0	NA	NA	0	NA	2	77	PV	2	PV	0	NA	NA	0	NA	0	NA	NA	0	NA
Dme_CG7214	CPLCG.fasta	142	7.0	9.9	1.4	1.4	5.6	16.2	15.5	13.8	7.5	1	0		0	NA	NA	0	NA	1	33	PV	0	NA	0	NA	NA	0	NA	0	NA	NA	0	NA
Dmo_CPLCG1	CPLCG.fasta	123	13.8	17.9	0.8	0.8	2.4	7.3	13.8	11.2	3.8	2	0		0	NA	NA	0	NA	2	37	PV	1	PV	0	NA	NA	0	NA	0	NA	NA	0	NA
Dmo_CPLCG2	CPLCG.fasta	141	9.2	9.2	1.4	0.7	2.8	16.3	18.4	18.8	3.8	0	0		0	NA	NA	0	NA	0	NA	NA	0	NA	0	NA	NA	0	NA	0	NA	NA	0	NA
Dmo_CPLCG3	CPLCG.fasta	142	12.0	14.1	1.4	0.0	2.1	10.6	19.7	21.2	3.8	2	0		0	NA	NA	0	NA	2	39	PV	1	PV	0	NA	NA	0	NA	0	NA	NA	0	NA
Dps_CPLCG1	CPLCG.fasta	123	12.2	18.7	1.6	0.8	4.9	8.1	17.1	15.0	5.0	1	0		0	NA	NA	0	NA	1	62	PV	1	PV	0	NA	NA	0	NA	0	NA	NA	0	NA
Dps_CPLCG2	CPLCG.fasta	147	6.8	8.8	1.4	0.7	4.8	19.7	17.0	16.2	7.5	0	0		0	NA	NA	0	NA	0	NA	NA	0	NA	0	NA	NA	0	NA	0	NA	NA	0	NA
Dps_CPLCG3	CPLCG.fasta	135	11.9	12.6	1.5	0.0	5.2	8.1	17.0	15.0	6.2	1	0		0	NA	NA	0	NA	1	96	PV	1	PV	0	NA	NA	0	NA	0	NA	NA	0	NA
Dvi_CPLCG1	CPLCG.fasta	127	11.0	18.9	0.8	0.8	5.5	7.1	13.4	11.2	5.0	1	0		0	NA	NA	0	NA	1	76	PV	1	PV	0	NA	NA	0	NA	0	NA	NA	0	NA
Dvi_CPLCG2	CPLCG.fasta	141	7.8	10.6	1.4	0.7	5.0	17.7	17.0	17.5	7.5	0	0		0	NA	NA	0	NA	0	NA	NA	0	NA	0	NA	NA	0	NA	0	NA	NA	0	NA
Dvi_CPLCG3	CPLCG.fasta	129	10.1	14.0	1.6	0.0	6.2	9.3	18.6	15.0	8.8	2	0		0	NA	NA	0	NA	2	39	PV	1	PV	0	NA	NA	0	NA	0	NA	NA	0	NA
Dwi_CPLCG1	CPLCG.fasta	144	11.8	15.3	1.4	0.7	4.2	9.0	14.6	15.0	5.0	1	0		0	NA	NA	0	NA	1	101	PV	1	PV	0	NA	NA	0	NA	0	NA	NA	0	NA
Dwi_CPLCG2	CPLCG.fasta	137	7.3	9.5	1.5	0.7	4.4	16.8	18.2	16.2	5.0	0	0		0	NA	NA	0	NA	0	NA	NA	0	NA	0	NA	NA	0	NA	0	NA	NA	0	NA
Dwi_CPLCG3	CPLCG.fasta	135	9.6	17.8	1.5	0.0	6.7	6.7	18.5	17.5	8.8	2	0		0	NA	NA	0	NA	2	75	PV	2	PV	0	NA	NA	0	NA	0	NA	NA	0	NA
Aga_CPLCW1	CPLCW.fasta	153	6.5	15.0	13.7	7.2	0.7	9.2	22.2	22.5	0.0	5	1		0	NA	NA	0	NA	6	22	PY	4	PV	0	NA	NA	0	NA	1	31	HGYGYG	0	NA
Aga_CPLCW2	CPLCW.fasta	164	6.1	14.6	14.0	7.3	0.6	11.0	21.3	21.2	0.0	5	1		0	NA	NA	0	NA	6	22	PY	3	PV	0	NA	NA	0	NA	1	31	HGYGYG	0	NA
Aga_CPLCW4	CPLCW.fasta	171	5.8	14.0	14.0	6.4	0.6	12.9	22.2	21.2	0.0	5	1		0	NA	NA	0	NA	6	22	PY	3	PV	0	NA	NA	0	NA	1	31	HGYGYG	0	NA
Aga_CPLCW5	CPLCW.fasta	106	7.5	14.2	13.2	6.6	0.9	5.7	23.6	22.5	1.2	3	1		0	NA	NA	0	NA	4	22	PY	3	PV	0	NA	NA	0	NA	0	NA	NA	0	NA
Aga_CPLCW7	CPLCW.fasta	161	6.2	13.7	14.3	7.5	0.6	11.2	21.7	21.2	0.0	4	1		0	NA	NA	0	NA	5	22	PY	2	PV	0	NA	NA	0	NA	1	31	HGYGYG	0	NA
Aga_CPLCW8	CPLCW.fasta	175	5.7	14.3	14.3	7.4	0.6	12.0	21.1	21.2	0.0	5	1		0	NA	NA	0	NA	6	22	PY	3	PV	0	NA	NA	0	NA	1	31	HGYGYG	0	NA
Aga_CPLCW9	CPLCW.fasta	169	6.5	14.8	13.6	7.1	0.6	10.1	21.9	22.5	0.0	6	1		0	NA	NA	0	NA	7	22	PY	4	PV	0	NA	NA	0	NA	0	NA	NA	0	NA
