protein_id	source_fasta	length	glycine_percent	alanine_percent	weird_characters	CPLCG_exact_GxxHxAPxxGH_count	CPLCG_exact_GxxHxAPxxGH_first_start	CPLCG_exact_GxxHxAPxxGH_first_match	CPLCG_exact_GxxHxAPxxGH_last80_count	CPLCG_exact_GxxHxAPxxGH_last80_first_match	CPLCG_relaxed_Gx1_4Hx0_2APx1_4GH_count	CPLCG_relaxed_Gx1_4Hx0_2APx1_4GH_first_start	CPLCG_relaxed_Gx1_4Hx0_2APx1_4GH_first_match	CPLCG_relaxed_Gx1_4Hx0_2APx1_4GH_last80_count	CPLCG_relaxed_Gx1_4Hx0_2APx1_4GH_last80_first_match	CPLCG_Cterminal_relaxed_last80_count	CPLCG_Cterminal_relaxed_last80_first_start	CPLCG_Cterminal_relaxed_last80_first_match	CPLCG_Cterminal_relaxed_last80_last80_count	CPLCG_Cterminal_relaxed_last80_last80_first_match
Aga_CPLC#	CPLCG.fasta	120	7.5	29.2		1	94	GAVHVAPLPGH	1	GAVHVAPLPGH	1	94	GAVHVAPLPGH	1	GAVHVAPLPGH	1	94	GAVHVAPLPGH	1	GAVHVAPLPGH
Aga_CPLC8	CPLCG.fasta	135	7.4	28.1		1	109	GAVHVAPLPGH	1	GAVHVAPLPGH	1	109	GAVHVAPLPGH	1	GAVHVAPLPGH	1	109	GAVHVAPLPGH	1	GAVHVAPLPGH
Aga_CPLCG1	CPLCG.fasta	125	8.0	20.0		1	99	GAVHVAPLPGH	1	GAVHVAPLPGH	1	99	GAVHVAPLPGH	1	GAVHVAPLPGH	1	99	GAVHVAPLPGH	1	GAVHVAPLPGH
Aga_CPLCG10	CPLCG.fasta	163	2.5	27.0		1	137	GAVHEAPLAGH	1	GAVHEAPLAGH	1	137	GAVHEAPLAGH	1	GAVHEAPLAGH	1	137	GAVHEAPLAGH	1	GAVHEAPLAGH
Aga_CPLCG11	CPLCG.fasta	191	14.7	11.5		1	172	GAVHVAPLPGH	1	GAVHVAPLPGH	1	172	GAVHVAPLPGH	1	GAVHVAPLPGH	1	172	GAVHVAPLPGH	1	GAVHVAPLPGH
Aga_CPLCG12	CPLCG.fasta	163	2.5	27.0		1	137	GAVHEAPLAGH	1	GAVHEAPLAGH	1	137	GAVHEAPLAGH	1	GAVHEAPLAGH	1	137	GAVHEAPLAGH	1	GAVHEAPLAGH
Aga_CPLCG13	CPLCG.fasta	197	15.2	10.7		1	178	GAVHVAPLPGH	1	GAVHVAPLPGH	1	178	GAVHVAPLPGH	1	GAVHVAPLPGH	1	178	GAVHVAPLPGH	1	GAVHVAPLPGH
Aga_CPLCG14	CPLCG.fasta	138	4.3	25.4		1	112	GAVHEAPLAGH	1	GAVHEAPLAGH	1	112	GAVHEAPLAGH	1	GAVHEAPLAGH	1	112	GAVHEAPLAGH	1	GAVHEAPLAGH
Aga_CPLCG15	CPLCG.fasta	124	5.6	21.8		1	98	GAVHEAPLPGH	1	GAVHEAPLPGH	1	98	GAVHEAPLPGH	1	GAVHEAPLPGH	1	98	GAVHEAPLPGH	1	GAVHEAPLPGH
Aga_CPLCG16	CPLCG.fasta	169	2.4	27.2		1	143	GAVHKAPLVGH	1	GAVHKAPLVGH	1	143	GAVHKAPLVGH	1	GAVHKAPLVGH	1	143	GAVHKAPLVGH	1	GAVHKAPLVGH
Aga_CPLCG17	CPLCG.fasta	197	15.7	11.7		1	178	GAVHVAPLPGH	1	GAVHVAPLPGH	1	178	GAVHVAPLPGH	1	GAVHVAPLPGH	1	178	GAVHVAPLPGH	1	GAVHVAPLPGH
Aga_CPLCG18	CPLCG.fasta	205	15.6	10.2		1	186	GAVHVAPLPGH	1	GAVHVAPLPGH	1	186	GAVHVAPLPGH	1	GAVHVAPLPGH	1	186	GAVHVAPLPGH	1	GAVHVAPLPGH
Aga_CPLCG19	CPLCG.fasta	168	17.3	10.7		1	149	GAVHVAPLPGH	1	GAVHVAPLPGH	1	149	GAVHVAPLPGH	1	GAVHVAPLPGH	1	149	GAVHVAPLPGH	1	GAVHVAPLPGH
Aga_CPLCG2	CPLCG.fasta	108	9.3	10.2		1	82	GAVHIAPLPGH	1	GAVHIAPLPGH	1	82	GAVHIAPLPGH	1	GAVHIAPLPGH	1	82	GAVHIAPLPGH	1	GAVHIAPLPGH
Aga_CPLCG20	CPLCG.fasta	619	5.2	18.1		2	137	GAVHEAPLAGH	1	GAVHEAPLAGH	2	137	GAVHEAPLAGH	1	GAVHEAPLAGH	2	137	GAVHEAPLAGH	1	GAVHEAPLAGH
Aga_CPLCG21	CPLCG.fasta	227	17.2	11.0		1	208	GAVHVAPLPGH	1	GAVHVAPLPGH	1	208	GAVHVAPLPGH	1	GAVHVAPLPGH	1	208	GAVHVAPLPGH	1	GAVHVAPLPGH
Aga_CPLCG22	CPLCG.fasta	248	2.0	21.0		1	222	GAVHEAPLAGH	1	GAVHEAPLAGH	1	222	GAVHEAPLAGH	1	GAVHEAPLAGH	1	222	GAVHEAPLAGH	1	GAVHEAPLAGH
Aga_CPLCG23	CPLCG.fasta	133	4.5	29.3		1	107	GAIHEAPLPGH	1	GAIHEAPLPGH	1	107	GAIHEAPLPGH	1	GAIHEAPLPGH	1	107	GAIHEAPLPGH	1	GAIHEAPLPGH
Aga_CPLCG24	CPLCG.fasta	133	3.8	29.3		1	107	GAIHEAPLPGH	1	GAIHEAPLPGH	1	107	GAIHEAPLPGH	1	GAIHEAPLPGH	1	107	GAIHEAPLPGH	1	GAIHEAPLPGH
Aga_CPLCG25	CPLCG.fasta	197	16.2	11.2		1	178	GAVHVAPLPGH	1	GAVHVAPLPGH	1	178	GAVHVAPLPGH	1	GAVHVAPLPGH	1	178	GAVHVAPLPGH	1	GAVHVAPLPGH
Aga_CPLCG26	CPLCG.fasta	198	16.2	10.6		1	179	GAVHVAPLPGH	1	GAVHVAPLPGH	1	179	GAVHVAPLPGH	1	GAVHVAPLPGH	1	179	GAVHVAPLPGH	1	GAVHVAPLPGH
Aga_CPLCG27	CPLCG.fasta	168	16.7	11.3		1	149	GAVHVAPLPGH	1	GAVHVAPLPGH	1	149	GAVHVAPLPGH	1	GAVHVAPLPGH	1	149	GAVHVAPLPGH	1	GAVHVAPLPGH
Aga_CPLCG3	CPLCG.fasta	135	7.4	28.1		1	109	GAVHVAPLPGH	1	GAVHVAPLPGH	1	109	GAVHVAPLPGH	1	GAVHVAPLPGH	1	109	GAVHVAPLPGH	1	GAVHVAPLPGH
Aga_CPLCG4	CPLCG.fasta	120	7.5	29.2		1	94	GAVHVAPLPGH	1	GAVHVAPLPGH	1	94	GAVHVAPLPGH	1	GAVHVAPLPGH	1	94	GAVHVAPLPGH	1	GAVHVAPLPGH
Aga_CPLCG5	CPLCG.fasta	139	8.6	32.4		1	113	GAVHVAPLPGH	1	GAVHVAPLPGH	1	113	GAVHVAPLPGH	1	GAVHVAPLPGH	1	113	GAVHVAPLPGH	1	GAVHVAPLPGH
Aga_CPLCG6	CPLCG.fasta	197	15.7	11.2		1	178	GAVHVAPLPGH	1	GAVHVAPLPGH	1	178	GAVHVAPLPGH	1	GAVHVAPLPGH	1	178	GAVHVAPLPGH	1	GAVHVAPLPGH
Aga_CPLCG7	CPLCG.fasta	163	2.5	27.6		1	137	GAVHEAPLAGH	1	GAVHEAPLAGH	1	137	GAVHEAPLAGH	1	GAVHEAPLAGH	1	137	GAVHEAPLAGH	1	GAVHEAPLAGH
Aga_CPLCG8	CPLCG.fasta	188	16.5	11.7		1	178	GAVHVAPLPGH	1	GAVHVAPLPGH	1	178	GAVHVAPLPGH	1	GAVHVAPLPGH	1	178	GAVHVAPLPGH	1	GAVHVAPLPGH
Aga_CPLCG9	CPLCG.fasta	168	16.1	11.3		1	149	GAVHVAPLPGH	1	GAVHVAPLPGH	1	149	GAVHVAPLPGH	1	GAVHVAPLPGH	1	149	GAVHVAPLPGH	1	GAVHVAPLPGH
Cfe_Unigene362-CPLCG	CPLCG.fasta	113	8.8	22.1		0	NA	NA	0	NA	0	NA	NA	0	NA	1	86	GAIHTAPLPEGPH	1	GAIHTAPLPEGPH
Cpi_CPLCG5	CPLCG.fasta	129	12.4	29.5		1	103	GAVHVAPLAGH	1	GAVHVAPLAGH	1	103	GAVHVAPLAGH	1	GAVHVAPLAGH	2	63	GAAHWAGAYPYAGAH	2	GAAHWAGAYPYAGAH
Dan_CPLCG1	CPLCG.fasta	136	7.4	27.2		1	110	GAVHVAPLPGH	1	GAVHVAPLPGH	1	110	GAVHVAPLPGH	1	GAVHVAPLPGH	1	110	GAVHVAPLPGH	1	GAVHVAPLPGH
Dan_CPLCG2	CPLCG.fasta	144	14.6	25.0		1	118	GAIHTAPLAGH	1	GAIHTAPLAGH	1	118	GAIHTAPLAGH	1	GAIHTAPLAGH	1	118	GAIHTAPLAGH	1	GAIHTAPLAGH
Dan_CPLCG3	CPLCG.fasta	133	6.8	30.1		1	107	GAVHTAPLAGH	1	GAVHTAPLAGH	1	107	GAVHTAPLAGH	1	GAVHTAPLAGH	1	107	GAVHTAPLAGH	1	GAVHTAPLAGH
Dgr_CPLCG1	CPLCG.fasta	127	6.3	26.8		1	101	GAVHVAPLPGH	1	GAVHVAPLPGH	1	101	GAVHVAPLPGH	1	GAVHVAPLPGH	1	101	GAVHVAPLPGH	1	GAVHVAPLPGH
Dgr_CPLCG2	CPLCG.fasta	146	19.9	24.0		1	120	GAVHTAPLAGH	1	GAVHTAPLAGH	1	120	GAVHTAPLAGH	1	GAVHTAPLAGH	1	120	GAVHTAPLAGH	1	GAVHTAPLAGH
Dgr_CPLCG3	CPLCG.fasta	135	8.1	25.2		1	109	GAVHTAPLAGH	1	GAVHTAPLAGH	1	109	GAVHTAPLAGH	1	GAVHTAPLAGH	1	109	GAVHTAPLAGH	1	GAVHTAPLAGH
Dme_ACP1	CPLCG.fasta	135	5.9	27.4		1	109	GAIHTAPLAGH	1	GAIHTAPLAGH	1	109	GAIHTAPLAGH	1	GAIHTAPLAGH	1	109	GAIHTAPLAGH	1	GAIHTAPLAGH
Dme_CG7203	CPLCG.fasta	145	6.2	22.1		1	119	GAVHVAPLPGH	1	GAVHVAPLPGH	1	119	GAVHVAPLPGH	1	GAVHVAPLPGH	1	119	GAVHVAPLPGH	1	GAVHVAPLPGH
Dme_CG7214	CPLCG.fasta	142	16.2	24.6		1	116	GAIHTAPLAGH	1	GAIHTAPLAGH	1	116	GAIHTAPLAGH	1	GAIHTAPLAGH	1	116	GAIHTAPLAGH	1	GAIHTAPLAGH
Dmo_CPLCG1	CPLCG.fasta	123	7.3	26.8		1	97	GAVHVAPLPGH	1	GAVHVAPLPGH	1	97	GAVHVAPLPGH	1	GAVHVAPLPGH	1	97	GAVHVAPLPGH	1	GAVHVAPLPGH
Dmo_CPLCG2	CPLCG.fasta	141	16.3	22.7		1	115	GAIHTAPLAGH	1	GAIHTAPLAGH	1	115	GAIHTAPLAGH	1	GAIHTAPLAGH	1	115	GAIHTAPLAGH	1	GAIHTAPLAGH
Dmo_CPLCG3	CPLCG.fasta	142	10.6	22.5		1	116	GAVHTAPLAGH	1	GAVHTAPLAGH	1	116	GAVHTAPLAGH	1	GAVHTAPLAGH	1	116	GAVHTAPLAGH	1	GAVHTAPLAGH
Dps_CPLCG1	CPLCG.fasta	123	8.1	22.8		1	98	GAVHVAPLPGH	1	GAVHVAPLPGH	1	98	GAVHVAPLPGH	1	GAVHVAPLPGH	1	98	GAVHVAPLPGH	1	GAVHVAPLPGH
Dps_CPLCG2	CPLCG.fasta	147	19.7	22.4		1	121	GAIHTAPLAGH	1	GAIHTAPLAGH	1	121	GAIHTAPLAGH	1	GAIHTAPLAGH	1	121	GAIHTAPLAGH	1	GAIHTAPLAGH
Dps_CPLCG3	CPLCG.fasta	135	8.1	27.4		1	109	GAIHTAPLAGH	1	GAIHTAPLAGH	1	109	GAIHTAPLAGH	1	GAIHTAPLAGH	1	109	GAIHTAPLAGH	1	GAIHTAPLAGH
Dvi_CPLCG1	CPLCG.fasta	127	7.1	29.1		1	102	GAVHVAPLPGH	1	GAVHVAPLPGH	1	102	GAVHVAPLPGH	1	GAVHVAPLPGH	1	102	GAVHVAPLPGH	1	GAVHVAPLPGH
Dvi_CPLCG2	CPLCG.fasta	141	17.7	22.7		1	115	GAIHTAPLAGH	1	GAIHTAPLAGH	1	115	GAIHTAPLAGH	1	GAIHTAPLAGH	1	115	GAIHTAPLAGH	1	GAIHTAPLAGH
Dvi_CPLCG3	CPLCG.fasta	129	9.3	23.3		1	103	GAVHTAPLSGH	1	GAVHTAPLSGH	1	103	GAVHTAPLSGH	1	GAVHTAPLSGH	1	103	GAVHTAPLSGH	1	GAVHTAPLSGH
Dwi_CPLCG1	CPLCG.fasta	144	9.0	27.1		1	118	GAVHVAPLPGH	1	GAVHVAPLPGH	1	118	GAVHVAPLPGH	1	GAVHVAPLPGH	1	118	GAVHVAPLPGH	1	GAVHVAPLPGH
Dwi_CPLCG2	CPLCG.fasta	137	16.8	21.9		1	111	GAIHTAPLAGH	1	GAIHTAPLAGH	1	111	GAIHTAPLAGH	1	GAIHTAPLAGH	1	111	GAIHTAPLAGH	1	GAIHTAPLAGH
Dwi_CPLCG3	CPLCG.fasta	135	6.7	25.2		1	109	GAVHTAPLAGH	1	GAVHTAPLAGH	1	109	GAVHTAPLAGH	1	GAVHTAPLAGH	1	109	GAVHTAPLAGH	1	GAVHTAPLAGH
Aga_CPLCA1	CPLCA.fasta	194	1.5	23.7		0	NA	NA	0	NA	0	NA	NA	0	NA	0	NA	NA	0	NA
Aga_CPLCA2	CPLCA.fasta	196	1.5	24.5		0	NA	NA	0	NA	0	NA	NA	0	NA	0	NA	NA	0	NA
Aga_CPLCA3	CPLCA.fasta	128	1.6	21.1		0	NA	NA	0	NA	0	NA	NA	0	NA	0	NA	NA	0	NA
Cfe_Unigene10128-CPLCA	CPLCA.fasta	85	2.4	18.8		0	NA	NA	0	NA	0	NA	NA	0	NA	0	NA	NA	0	NA
Dme_Retinin	CPLCA.fasta	191	4.2	11.0		0	NA	NA	0	NA	0	NA	NA	0	NA	0	NA	NA	0	NA
Aga_CPLCP1	CPLCP.fasta	178	6.7	4.5		0	NA	NA	0	NA	0	NA	NA	0	NA	0	NA	NA	0	NA
Aga_CPLCP10	CPLCP.fasta	360	2.5	3.1		0	NA	NA	0	NA	0	NA	NA	0	NA	0	NA	NA	0	NA
Aga_CPLCP11	CPLCP.fasta	349	2.3	3.4		0	NA	NA	0	NA	0	NA	NA	0	NA	0	NA	NA	0	NA
Aga_CPLCP12	CPLCP.fasta	386	4.7	2.8		0	NA	NA	0	NA	0	NA	NA	0	NA	0	NA	NA	0	NA
Aga_CPLCP13	CPLCP.fasta	185	3.2	4.3		0	NA	NA	0	NA	0	NA	NA	0	NA	0	NA	NA	0	NA
Aga_CPLCP14	CPLCP.fasta	185	3.2	4.3		0	NA	NA	0	NA	0	NA	NA	0	NA	0	NA	NA	0	NA
Aga_CPLCP15	CPLCP.fasta	185	3.8	3.8		0	NA	NA	0	NA	0	NA	NA	0	NA	0	NA	NA	0	NA
Aga_CPLCP16	CPLCP.fasta	185	3.8	3.2		0	NA	NA	0	NA	0	NA	NA	0	NA	0	NA	NA	0	NA
Aga_CPLCP17	CPLCP.fasta	185	3.2	4.3		0	NA	NA	0	NA	0	NA	NA	0	NA	0	NA	NA	0	NA
Aga_CPLCP18	CPLCP.fasta	185	3.8	3.8		0	NA	NA	0	NA	0	NA	NA	0	NA	0	NA	NA	0	NA
Aga_CPLCP19	CPLCP.fasta	185	3.8	3.8		0	NA	NA	0	NA	0	NA	NA	0	NA	0	NA	NA	0	NA
Aga_CPLCP2	CPLCP.fasta	688	6.1	4.9		0	NA	NA	0	NA	0	NA	NA	0	NA	0	NA	NA	0	NA
Aga_CPLCP20	CPLCP.fasta	185	3.8	2.7		0	NA	NA	0	NA	0	NA	NA	0	NA	0	NA	NA	0	NA
Aga_CPLCP21	CPLCP.fasta	185	3.2	4.9		0	NA	NA	0	NA	0	NA	NA	0	NA	0	NA	NA	0	NA
Aga_CPLCP22	CPLCP.fasta	185	3.8	3.2		0	NA	NA	0	NA	0	NA	NA	0	NA	0	NA	NA	0	NA
Aga_CPLCP23	CPLCP.fasta	185	3.8	3.8		0	NA	NA	0	NA	0	NA	NA	0	NA	0	NA	NA	0	NA
Aga_CPLCP24	CPLCP.fasta	224	2.7	0.9		0	NA	NA	0	NA	0	NA	NA	0	NA	0	NA	NA	0	NA
Aga_CPLCP25	CPLCP.fasta	176	2.8	5.7		0	NA	NA	0	NA	0	NA	NA	0	NA	0	NA	NA	0	NA
Aga_CPLCP26	CPLCP.fasta	182	3.3	3.8		0	NA	NA	0	NA	0	NA	NA	0	NA	0	NA	NA	0	NA
Aga_CPLCP27	CPLCP.fasta	176	4.5	4.5		0	NA	NA	0	NA	0	NA	NA	0	NA	0	NA	NA	0	NA
Aga_CPLCP28	CPLCP.fasta	235	5.5	13.2		0	NA	NA	0	NA	0	NA	NA	0	NA	0	NA	NA	0	NA
Aga_CPLCP3	CPLCP.fasta	346	1.4	2.0		0	NA	NA	0	NA	0	NA	NA	0	NA	0	NA	NA	0	NA
Aga_CPLCP4	CPLCP.fasta	209	2.9	6.2		0	NA	NA	0	NA	0	NA	NA	0	NA	0	NA	NA	0	NA
Aga_CPLCP5	CPLCP.fasta	271	5.5	4.4		0	NA	NA	0	NA	0	NA	NA	0	NA	0	NA	NA	0	NA
Aga_CPLCP6	CPLCP.fasta	165	0.6	1.8		0	NA	NA	0	NA	0	NA	NA	0	NA	0	NA	NA	0	NA
Aga_CPLCP7	CPLCP.fasta	368	3.5	4.9		0	NA	NA	0	NA	0	NA	NA	0	NA	0	NA	NA	0	NA
Aga_CPLCP8	CPLCP.fasta	193	4.1	4.7		0	NA	NA	0	NA	0	NA	NA	0	NA	0	NA	NA	0	NA
Aga_CPLCP9	CPLCP.fasta	491	0.6	4.7		0	NA	NA	0	NA	0	NA	NA	0	NA	0	NA	NA	0	NA
Bge_CPLCP1	CPLCP.fasta	332	4.5	3.0		0	NA	NA	0	NA	0	NA	NA	0	NA	0	NA	NA	0	NA
Cfe_CL3437.Contig1-CPLCP	CPLCP.fasta	498	19.5	4.8		0	NA	NA	0	NA	0	NA	NA	0	NA	0	NA	NA	0	NA
Cfe_CL4305.Contig1-CPLCP	CPLCP.fasta	312	22.4	6.1		0	NA	NA	0	NA	0	NA	NA	0	NA	0	NA	NA	0	NA
Cfe_CL4803.Contig1-CPLCP	CPLCP.fasta	614	16.4	2.9		0	NA	NA	0	NA	0	NA	NA	0	NA	0	NA	NA	0	NA
Cfe_Unigene14806-CPLCP	CPLCP.fasta	393	12.2	2.5		0	NA	NA	0	NA	0	NA	NA	0	NA	0	NA	NA	0	NA
Cfe_Unigene15156-CPLCP	CPLCP.fasta	444	15.5	1.6		0	NA	NA	0	NA	0	NA	NA	0	NA	0	NA	NA	0	NA
Foc_CPLCP1	CPLCP.fasta	334	4.2	6.0		0	NA	NA	0	NA	0	NA	NA	0	NA	0	NA	NA	0	NA
Foc_CPLCP10	CPLCP.fasta	271	10.3	6.3		0	NA	NA	0	NA	0	NA	NA	0	NA	0	NA	NA	0	NA
Foc_CPLCP11	CPLCP.fasta	655	7.0	9.6		0	NA	NA	0	NA	0	NA	NA	0	NA	0	NA	NA	0	NA
Foc_CPLCP12	CPLCP.fasta	241	9.5	6.6		0	NA	NA	0	NA	0	NA	NA	0	NA	0	NA	NA	0	NA
Foc_CPLCP13	CPLCP.fasta	765	6.3	17.9		0	NA	NA	0	NA	0	NA	NA	0	NA	2	200	GAHFGHAAPLGIAH	0	NA
Foc_CPLCP14	CPLCP.fasta	478	17.4	9.6		0	NA	NA	0	NA	0	NA	NA	0	NA	0	NA	NA	0	NA
Foc_CPLCP15	CPLCP.fasta	268	6.7	15.3		0	NA	NA	0	NA	0	NA	NA	0	NA	0	NA	NA	0	NA
Foc_CPLCP16	CPLCP.fasta	437	15.8	10.1		0	NA	NA	0	NA	0	NA	NA	0	NA	0	NA	NA	0	NA
Foc_CPLCP2	CPLCP.fasta	286	4.9	3.8		0	NA	NA	0	NA	0	NA	NA	0	NA	0	NA	NA	0	NA
Foc_CPLCP3	CPLCP.fasta	294	15.3	8.8		0	NA	NA	0	NA	0	NA	NA	0	NA	0	NA	NA	0	NA
Foc_CPLCP4	CPLCP.fasta	448	9.2	15.2		0	NA	NA	0	NA	0	NA	NA	0	NA	0	NA	NA	0	NA
Foc_CPLCP5	CPLCP.fasta	209	7.7	3.8		0	NA	NA	0	NA	0	NA	NA	0	NA	0	NA	NA	0	NA
Foc_CPLCP6	CPLCP.fasta	240	5.8	7.9		0	NA	NA	0	NA	0	NA	NA	0	NA	0	NA	NA	0	NA
Foc_CPLCP7	CPLCP.fasta	425	8.2	8.2		0	NA	NA	0	NA	0	NA	NA	0	NA	0	NA	NA	0	NA
Foc_CPLCP8	CPLCP.fasta	233	9.9	6.4		0	NA	NA	0	NA	0	NA	NA	0	NA	0	NA	NA	0	NA
Foc_CPLCP9	CPLCP.fasta	223	9.4	6.7		0	NA	NA	0	NA	0	NA	NA	0	NA	0	NA	NA	0	NA
Nlu_CPLCP1	CPLCP.fasta	306	9.8	1.0		0	NA	NA	0	NA	0	NA	NA	0	NA	0	NA	NA	0	NA
Nlu_CPLCP2	CPLCP.fasta	325	7.7	3.4		0	NA	NA	0	NA	0	NA	NA	0	NA	0	NA	NA	0	NA
Nlu_CPLCP3	CPLCP.fasta	274	6.6	1.8		0	NA	NA	0	NA	0	NA	NA	0	NA	0	NA	NA	0	NA
Nlu_CPLCP4	CPLCP.fasta	200	6.0	6.5		0	NA	NA	0	NA	0	NA	NA	0	NA	0	NA	NA	0	NA
Nlu_CPLCP5	CPLCP.fasta	313	6.1	1.9		0	NA	NA	0	NA	0	NA	NA	0	NA	0	NA	NA	0	NA
Nlu_CPLCP6	CPLCP.fasta	294	2.7	1.4		0	NA	NA	0	NA	0	NA	NA	0	NA	0	NA	NA	0	NA
Aga_CPLCW1	CPLCW.fasta	153	9.2	10.5		0	NA	NA	0	NA	0	NA	NA	0	NA	0	NA	NA	0	NA
Aga_CPLCW2	CPLCW.fasta	164	11.0	9.8		0	NA	NA	0	NA	0	NA	NA	0	NA	0	NA	NA	0	NA
Aga_CPLCW4	CPLCW.fasta	171	12.9	8.8		0	NA	NA	0	NA	0	NA	NA	0	NA	0	NA	NA	0	NA
Aga_CPLCW5	CPLCW.fasta	106	5.7	11.3		0	NA	NA	0	NA	0	NA	NA	0	NA	0	NA	NA	0	NA
Aga_CPLCW7	CPLCW.fasta	161	11.2	8.7		0	NA	NA	0	NA	0	NA	NA	0	NA	0	NA	NA	0	NA
Aga_CPLCW8	CPLCW.fasta	175	12.0	9.1		0	NA	NA	0	NA	0	NA	NA	0	NA	0	NA	NA	0	NA
Aga_CPLCW9	CPLCW.fasta	169	10.1	10.1		0	NA	NA	0	NA	0	NA	NA	0	NA	0	NA	NA	0	NA
