protein_id	source_fasta	length	weird_characters	region_I_KxxY_or_F_count	region_I_KxxY_or_F_first_start	region_I_KxxY_or_F_first_match	block_I_or_III_Kx2_3YV_count	block_I_or_III_Kx2_3YV_first_start	block_I_or_III_Kx2_3YV_first_match	region_II_Kx4_5FIKAP_count	region_II_Kx4_5FIKAP_first_start	region_II_Kx4_5FIKAP_first_match	region_III_KTxxYVL_count	region_III_KTxxYVL_first_start	region_III_KTxxYVL_first_match	region_IV_KPEVY_or_HFxKY_count	region_IV_KPEVY_or_HFxKY_first_start	region_IV_KPEVY_or_HFxKY_first_match	extended_YVL_20_23_KPEV_count	extended_YVL_20_23_KPEV_first_start	extended_YVL_20_23_KPEV_first_match
Bmo_CPT1	CPT.fasta	476		2	205	KHFY	2	205	KHFYV	0	NA	NA	1	260	KTIVYVL	0	NA	NA	0	NA	NA
Bmo_CPT2	CPT.fasta	309		2	113	KHIY	2	113	KHIYV	1	140	KHYKIIFIKAP	1	169	KTLVYVL	1	197	KPEVYFIKY	1	173	YVLVKKPEEQPDIIIPTPAPTQPSKPEVYFIKY
Bmo_CPT3	CPT.fasta	318		2	126	KHIY	2	126	KHIYV	1	153	KHYKIIFIKAP	1	182	KTLVYVL	1	210	KPEVYFIKY	1	186	YVLVKKPDEQPDITIPTAAPTQPSKPEVYFIKY
Bmo_CPT4	CPT.fasta	184		4	60	KHVY	3	60	KHVYV	1	87	KHYKIVFIKAP	1	116	KTLVYVL	0	NA	NA	0	NA	NA
Bmo_GRP1	CPT.fasta	309		2	113	KHIY	2	113	KHIYV	1	140	KHYKIIFIKAP	1	169	KTLVYVL	1	197	KPEVYFIKY	1	173	YVLVKKPEEQPDIIIPTPAPTQPSKPEVYFIKY
Cme_Tweedle1	CPT.fasta	521		2	200	KHFY	2	200	KHFYV	0	NA	NA	1	256	KTIVYVL	0	NA	NA	0	NA	NA
Aga_TWDL1	Tweedle_Twdl.fasta	300		2	126	KHIY	2	126	KHIYV	1	153	KHYKIIFIKAP	1	182	KTLVYVL	1	210	KPEVYFIKY	1	186	YVLVKKPDEQQDIVIPTPAPTQPSKPEVYFIKY
Aga_TWDL10	Tweedle_Twdl.fasta	490		2	213	KHVY	2	213	KHVYV	1	240	KHYKIIFIKAP	1	269	KTLVYVL	1	297	KPEVYFIKY	1	273	YVLHKKPELEQEIVVPAPATAKPSKPEVYFIKY
Aga_TWDL11	Tweedle_Twdl.fasta	177		3	63	KHIY	2	63	KHIYV	1	90	KHYKIIFIKAP	1	119	KTLVYVL	1	147	KPEVYFIKY	1	123	YVLHKKPEEPQDIVIPTPPPTKPSKPEVYFIKY
Aga_TWDL12	Tweedle_Twdl.fasta	201		4	45	KPEY	2	79	KNVYV	1	106	KHYKIIFIKAP	1	135	KTLVYVL	1	163	KPEVYFIKY	1	139	YVLVKKPEDPAPLEIPVPETTEPNKPEVYFIKY
Aga_TWDL2	Tweedle_Twdl.fasta	386		2	159	KHFY	1	214	KTIVYV	1	185	KHYKVIFIKAP	1	214	KTIVYVL	1	242	KPEVYFVKY	1	218	YVLVNKPAKAQAGATADASSFSSGKPEVYFVKY
Aga_TWDL3	Tweedle_Twdl.fasta	357		2	146	KKNF	1	202	KTIVYV	1	173	KHYKVIFIKAP	1	202	KTIVYVL	1	230	KPEVYFVKY	1	206	YVLVNKPAKANATSEAEASSYYSGKPEVYFVKY
Aga_TWDL4	Tweedle_Twdl.fasta	362		2	160	KKNF	1	216	KTIVYV	1	187	KHYKVIFIKAP	1	216	KTIVYVL	1	244	KPEVYFVKY	1	220	YVLVNKPAKANATSEAEASSYSSGKPEVYFVKY
Aga_TWDL5	Tweedle_Twdl.fasta	387		2	185	KKNF	1	241	KTIVYV	1	212	KHYKVIFIKAP	1	241	KTIVYVL	1	269	KPEVYFVKY	1	245	YVLVNKPAKANATSEAEASSYYSGKPEVYFVKY
Aga_TWDL6	Tweedle_Twdl.fasta	365		2	138	KNFY	1	193	KTLVYV	1	164	KHYKVIFIKAP	1	193	KTLVYVL	1	221	KPEVYFIKY	1	197	YVLVNKPAKAQATSEAEASSYSSGKPEVYFIKY
Aga_TWDL7	Tweedle_Twdl.fasta	262		2	186	KNFY	1	241	KTLVYV	1	212	KHYKVIFIKAP	1	241	KTLVYVL	0	NA	NA	0	NA	NA
Aga_TWDL8	Tweedle_Twdl.fasta	213		2	74	KHVY	2	74	KHVYV	1	101	KHYKIVFIKAP	1	130	KTLVYVL	0	NA	NA	0	NA	NA
Aga_TWDL9	Tweedle_Twdl.fasta	308		2	137	KHIY	2	137	KHIYV	0	NA	NA	1	193	KTIVYVL	1	221	KPEVYFIKY	1	197	YVLVKKPEAVGDISLPLPAVTKPSKPEVYFIKY
Ame_Twdl1	Tweedle_Twdl.fasta	331		2	148	KHIY	2	148	KHIYV	1	176	KHYKIIFIKAP	1	206	KTLIYVL	1	234	KPEVYFIKY	1	210	YVLVKKPEEAPEITLPTIAPTQPSKPEVYFIKY
Ame_Twdl2	Tweedle_Twdl.fasta	185		2	58	KHVY	2	58	KHVYV	1	86	KHYKIVFIKAP	1	116	KTLIYVL	0	NA	NA	0	NA	NA
Cfe_CL1548.Contig1-Tweedle	Tweedle_Twdl.fasta	225		2	60	KHVY	2	60	KHVYV	1	87	KHYKIIFIKAP	1	116	KTLVYVL	0	NA	NA	0	NA	NA
Cfe_CL3825.Contig1-Tweedle	Tweedle_Twdl.fasta	297		2	127	KHIY	2	127	KHIYV	1	154	KHYKIIFIKAP	1	183	KTLVYVL	0	NA	NA	0	NA	NA
Cfe_Unigene16129-Tweedle	Tweedle_Twdl.fasta	325		2	151	KHIY	2	151	KHIYV	1	178	KHYKIIFIKAP	1	207	KTLVYVL	0	NA	NA	0	NA	NA
Dan_Tweedle1	Tweedle_Twdl.fasta	369		2	135	KHIY	2	135	KHIYV	1	165	KHYKIVFIKAP	1	194	KTLIYVL	1	222	KPEVYFIKY	1	198	YVLHKKPEQEQDIVIPTPPPTKPSKPEVYFIKY
Dan_Tweedle10	Tweedle_Twdl.fasta	309		1	125	KNFF	1	182	KTVVYV	0	NA	NA	1	182	KTVVYVL	0	NA	NA	0	NA	NA
Dan_Tweedle11	Tweedle_Twdl.fasta	226		1	58	KEFF	0	NA	NA	0	NA	NA	0	NA	NA	1	144	KPEVHFVKY	1	119	YVLNKQADIGELTNRLNQIKHQTSHKPEVHFVKY
Dan_Tweedle12	Tweedle_Twdl.fasta	256		1	51	KDIY	1	110	KTVIYV	1	79	KNYRIVFIKAP	1	110	KTVIYVL	1	140	KPEVYFIKY	1	114	YVLSKKPDLTEIQQQLQVTQTESKVHKPEVYFIKY
Dan_Tweedle13	Tweedle_Twdl.fasta	279		1	115	KDIY	2	115	KDIYV	1	143	KHYRIVFIKAP	1	172	KTIIYVL	0	NA	NA	0	NA	NA
Dan_Tweedle14	Tweedle_Twdl.fasta	258		2	88	KRFF	1	142	KTVIYV	0	NA	NA	1	142	KTVIYVL	0	NA	NA	0	NA	NA
Dan_Tweedle15	Tweedle_Twdl.fasta	219		2	17	KLGY	0	NA	NA	0	NA	NA	0	NA	NA	1	155	KPEVHFVKY	1	130	YVLSKQADIGQLAQRLQNENQAVSHKPEVHFVKY
Dan_Tweedle16	Tweedle_Twdl.fasta	256		1	66	KEFF	0	NA	NA	0	NA	NA	0	NA	NA	1	152	KPEVHFVKY	1	127	YVLTKQGDLSSLANQLQNLNRVSASKPEVHFVKY
Dan_Tweedle17	Tweedle_Twdl.fasta	263		2	18	KLGY	0	NA	NA	0	NA	NA	0	NA	NA	1	174	KPEVHFVKY	1	149	YVLTKQSDVTNLAKQLNALKTSSSNKPEVHFVKY
Dan_Tweedle18	Tweedle_Twdl.fasta	231		0	NA	NA	0	NA	NA	0	NA	NA	0	NA	NA	0	NA	NA	0	NA	NA
Dan_Tweedle19	Tweedle_Twdl.fasta	315		1	51	KHFY	1	109	KTAIYV	1	79	KNLQVVFIKAP	1	109	KTAIYVL	0	NA	NA	0	NA	NA
Dan_Tweedle2	Tweedle_Twdl.fasta	286		2	135	KHIY	2	135	KHIYV	1	162	KHYKIIFIKAP	1	191	KTLVYVL	1	219	KPEVYFIKY	1	195	YVLVKKPEDQQDIVIPTPAPTQPSKPEVYFIKY
Dan_Tweedle20	Tweedle_Twdl.fasta	245		1	85	KEFF	0	NA	NA	0	NA	NA	0	NA	NA	1	171	KPEVHFVKY	1	146	YVLNKQADISDLSNKLNAIRNNNNNKPEVHFVKY
Dan_Tweedle21	Tweedle_Twdl.fasta	295		2	17	KLGY	0	NA	NA	0	NA	NA	0	NA	NA	1	219	KPEVHFVKY	1	194	YVLNKHTDIGDLANKLNAIRSNTNNKPEVHFVKY
Dan_Tweedle22	Tweedle_Twdl.fasta	262		2	21	KLGY	0	NA	NA	0	NA	NA	0	NA	NA	1	175	KPEVHFVKY	1	150	YVLNKQADIGDLANKLNAIRNNNNNKPEVHFVKY
Dan_Tweedle23	Tweedle_Twdl.fasta	246		2	17	KLGY	0	NA	NA	0	NA	NA	0	NA	NA	1	171	KPEVHFVKY	1	146	YVLNKQADIGDLANKLNAIRNNNNNKPEVHFVKY
Dan_Tweedle24	Tweedle_Twdl.fasta	231		1	64	KEFY	1	121	KTAIYV	0	NA	NA	1	121	KTAIYVL	0	NA	NA	0	NA	NA
Dan_Tweedle25	Tweedle_Twdl.fasta	289		2	17	KLGY	0	NA	NA	0	NA	NA	0	NA	NA	1	216	KPEVHFVKY	1	191	YVLNKQADIGDLASKLNAIRNNNNNKPEVHFVKY
Dan_Tweedle26	Tweedle_Twdl.fasta	281		2	17	KLGY	0	NA	NA	0	NA	NA	0	NA	NA	1	207	KPEVHFVKY	1	182	YVLNKQSDIGDLANKLNAIRSNNNNKPEVHFVKY
Dan_Tweedle27	Tweedle_Twdl.fasta	228		1	65	KEFY	0	NA	NA	0	NA	NA	0	NA	NA	1	151	KPEVHFVKY	1	126	YVLHKQTDIGELAQKFNAVRQNANQKPEVHFVKY
Dan_Tweedle28	Tweedle_Twdl.fasta	276		2	17	KLGY	0	NA	NA	0	NA	NA	0	NA	NA	1	204	KPEVHFVKY	1	179	YVLNKQADIGDLANKLNAIRSNNNNKPEVHFVKY
Dan_Tweedle3	Tweedle_Twdl.fasta	191		3	57	KHVY	3	57	KHVYV	1	84	KHYKIVFIKAP	1	113	KTLVYVL	0	NA	NA	0	NA	NA
Dan_Tweedle4	Tweedle_Twdl.fasta	345		1	140	KHFY	1	196	KTAIYV	0	NA	NA	1	196	KTAIYVL	0	NA	NA	0	NA	NA
Dan_Tweedle6	Tweedle_Twdl.fasta	207		1	67	KKFY	1	100	KTVIYV	0	NA	NA	1	100	KTVIYVL	0	NA	NA	0	NA	NA
Dan_Tweedle7	Tweedle_Twdl.fasta	206		1	40	KHFY	0	NA	NA	0	NA	NA	0	NA	NA	0	NA	NA	0	NA	NA
Dan_Tweedle8	Tweedle_Twdl.fasta	385		1	163	KQFF	1	219	KTVIYV	1	190	KNYRVVFIKAP	1	219	KTVIYVL	0	NA	NA	0	NA	NA
Dan_Tweedle9	Tweedle_Twdl.fasta	195		4	25	KSRY	2	70	KNVYV	1	97	KHYKIIFIKAP	1	126	KTLVYVL	1	154	KPEVYFIKY	1	130	YVLVKKPEEQQPVILPAPEPTEPSKPEVYFIKY
Dgr_Tweedle1	Tweedle_Twdl.fasta	300		1	125	KNFF	1	182	KTVVYV	0	NA	NA	1	182	KTVVYVL	0	NA	NA	0	NA	NA
Dgr_Tweedle10	Tweedle_Twdl.fasta	273		2	58	KLGY	0	NA	NA	0	NA	NA	0	NA	NA	1	195	KPEVHFVKY	1	170	YVLNKQSDIGDLANKLNAVRGNNNNKPEVHFVKY
Dgr_Tweedle11	Tweedle_Twdl.fasta	228		1	59	KEFY	0	NA	NA	0	NA	NA	0	NA	NA	0	NA	NA	0	NA	NA
Dgr_Tweedle12	Tweedle_Twdl.fasta	312		2	11	KLGY	0	NA	NA	0	NA	NA	0	NA	NA	1	240	KPEVHFVKY	1	215	YVLNKQSDIGDLANKLNAVRSNNNNKPEVHFVKY
Dgr_Tweedle13	Tweedle_Twdl.fasta	266		2	12	KLGY	0	NA	NA	0	NA	NA	0	NA	NA	1	192	KPEVHFVKY	1	167	YVLNKQSDIGDLANKLNAIRGNNNNKPEVHFVKY
Dgr_Tweedle14	Tweedle_Twdl.fasta	223		1	61	KEFY	0	NA	NA	1	88	KSIRVIFIKAP	0	NA	NA	1	147	KPEVHFVKY	0	NA	NA
Dgr_Tweedle15	Tweedle_Twdl.fasta	308		2	17	KLGY	0	NA	NA	0	NA	NA	0	NA	NA	1	236	KPEVHFVKY	1	211	YVLNKQADIGDLANKLNAVRGNNNNKPEVHFVKY
Dgr_Tweedle16	Tweedle_Twdl.fasta	293		2	141	KHIY	2	141	KHIYV	1	168	KHYKIIFIKAP	1	197	KTLVYVL	1	225	KPEVYFIKY	1	201	YVLVKKPEDQQDIVIPTAAPTQPSKPEVYFIKY
Dgr_Tweedle17	Tweedle_Twdl.fasta	365		2	132	KHIY	2	132	KHIYV	1	162	KHYKIVFIKAP	1	191	KTLIYVL	1	219	KPEVYFIKY	1	195	YVLHKKPDQDQDIVIPSPPPTKPSKPEVYFIKY
Dgr_Tweedle18	Tweedle_Twdl.fasta	282		2	82	KRFF	1	138	KTVIYV	0	NA	NA	1	138	KTVIYVL	0	NA	NA	0	NA	NA
Dgr_Tweedle19	Tweedle_Twdl.fasta	273		1	96	KDIY	2	96	KDIYV	1	124	KHYRIVFIKAP	1	153	KTIIYVL	0	NA	NA	0	NA	NA
Dgr_Tweedle2	Tweedle_Twdl.fasta	250		2	38	KLGY	0	NA	NA	0	NA	NA	0	NA	NA	1	178	KPEVHFVKY	1	153	YVLTKQADVGQLAERLQSEKQTLGHKPEVHFVKY
Dgr_Tweedle20	Tweedle_Twdl.fasta	361		1	86	KDIY	1	144	KTVIYV	1	113	KNYRIVFIKAP	1	144	KTVIYVL	1	174	KPEVYFIKY	1	148	YVLSKKPDINEIHQHLQLSQTEPKVHKPEVYFIKY
Dgr_Tweedle21	Tweedle_Twdl.fasta	202		1	45	KEFY	0	NA	NA	0	NA	NA	0	NA	NA	1	131	KPEVHFVKY	1	106	YVLNKQADVSDLANKLNQMKLQANNKPEVHFVKY
Dgr_Tweedle22	Tweedle_Twdl.fasta	193		3	67	KNVY	2	67	KNVYV	1	94	KHYKIIFIKAP	1	123	KTLVYVL	1	151	KPEVYFIKY	1	127	YVLVKKPEEQLPVILPSPEPTEPSKPEVYFIKY
Dgr_Tweedle23	Tweedle_Twdl.fasta	382		0	NA	NA	1	254	KTVIYV	1	225	KNYRVVFIKAP	1	254	KTVIYVL	0	NA	NA	0	NA	NA
Dgr_Tweedle24	Tweedle_Twdl.fasta	210		1	48	KQFY	0	NA	NA	0	NA	NA	0	NA	NA	0	NA	NA	0	NA	NA
Dgr_Tweedle25	Tweedle_Twdl.fasta	218		1	53	KKFY	1	109	KTVIYV	1	80	KNYRVVFIKAP	1	109	KTVIYVL	0	NA	NA	0	NA	NA
Dgr_Tweedle26	Tweedle_Twdl.fasta	414		1	192	KHFY	1	248	KTAIYV	0	NA	NA	1	248	KTAIYVL	0	NA	NA	0	NA	NA
Dgr_Tweedle27	Tweedle_Twdl.fasta	190		3	57	KHVY	3	57	KHVYV	1	84	KHYKIVFIKAP	1	113	KTLVYVL	0	NA	NA	0	NA	NA
Dgr_Tweedle3	Tweedle_Twdl.fasta	244		1	49	KEFF	0	NA	NA	0	NA	NA	0	NA	NA	1	135	KPEVHFVKY	1	110	YVLTKQGDLSSLANRLQNLNHMNAKKPEVHFVKY
Dgr_Tweedle4	Tweedle_Twdl.fasta	299		1	55	KEFF	0	NA	NA	0	NA	NA	0	NA	NA	1	141	KPEVHFVKY	1	116	YVLSKQADVGNLAKQLNALKSTSSNKPEVHFVKY
Dgr_Tweedle5	Tweedle_Twdl.fasta	230		1	155	KGNY	0	NA	NA	0	NA	NA	0	NA	NA	0	NA	NA	0	NA	NA
Dgr_Tweedle6	Tweedle_Twdl.fasta	237		1	77	KEFF	0	NA	NA	0	NA	NA	0	NA	NA	1	163	KPEVHFVKY	1	138	YVLNKQADINDLGNKLNSLRSNNNQKPEVHFVKY
Dgr_Tweedle7	Tweedle_Twdl.fasta	308		1	49	KHFY	1	107	KTAIYV	0	NA	NA	1	107	KTAIYVL	0	NA	NA	0	NA	NA
Dgr_Tweedle8	Tweedle_Twdl.fasta	296		2	17	KLGY	0	NA	NA	0	NA	NA	0	NA	NA	1	220	KPEVHFVKY	1	195	YVLNKQADIGDLANKLNAIRSNNNNKPEVHFVKY
Dgr_Tweedle9	Tweedle_Twdl.fasta	286		2	20	KLGY	0	NA	NA	0	NA	NA	0	NA	NA	1	186	KPEVHFVKY	1	161	YVLNKQSDIGDLANKLNAVRSNNNNKPEVHFVKY
Dme_CG14638	Tweedle_Twdl.fasta	156		1	18	KEFF	0	NA	NA	0	NA	NA	0	NA	NA	1	104	KPEVHFVKY	1	78	YVLNKQENIGKWITNLNTIRNNNKNRKPEVHFVKY
Dme_CG5480	Tweedle_Twdl.fasta	283		1	90	KEFF	0	NA	NA	0	NA	NA	0	NA	NA	1	176	KPEVHFVKY	1	151	YVLTKQGDLSSLANQLQNLNHVSASKPEVHFVKY
Dme_CG6478	Tweedle_Twdl.fasta	286		2	17	KLGY	0	NA	NA	0	NA	NA	0	NA	NA	1	212	KPEVHFVKY	1	187	YVLNKQADIGDLAQKLNAIRNNNNNKPEVHFVKY
Dme_TwdlD	Tweedle_Twdl.fasta	256		2	18	KLGY	0	NA	NA	0	NA	NA	0	NA	NA	1	167	KPEVHFVKY	1	142	YVLTKQSDVSNLAKQLNALKTSSTNKPEVHFVKY
Dme_TweedleC	Tweedle_Twdl.fasta	360		2	129	KHIY	2	129	KHIYV	1	159	KHYKIVFIKAP	1	188	KTLIYVL	1	216	KPEVYFIKY	1	192	YVLHKKPEQEQDIVIPTPPPTKPSKPEVYFIKY
Dme_TweedleE	Tweedle_Twdl.fasta	197		3	63	KHVY	3	63	KHVYV	1	90	KHYKIVFIKAP	1	119	KTLVYVL	0	NA	NA	0	NA	NA
Dme_TweedleF	Tweedle_Twdl.fasta	338		2	79	KETF	1	184	KTVIYV	1	153	KNYRIVFIKAP	1	184	KTVIYVL	1	214	KPEVYFIKY	1	188	YVLSKKPDLTEIQQQLQVTQSEAKVQKPEVYFIKY
Dme_TweedleG	Tweedle_Twdl.fasta	278		1	115	KDIY	2	115	KDIYV	1	143	KHYRIVFIKAP	1	172	KTIIYVL	0	NA	NA	0	NA	NA
Dme_TweedleH	Tweedle_Twdl.fasta	241		1	81	KEFF	0	NA	NA	0	NA	NA	0	NA	NA	1	167	KPEVHFVKY	1	142	YVLNKQADIGDLSNKLNSIRNNNNNKPEVHFVKY
Dme_TweedleJ	Tweedle_Twdl.fasta	307		2	53	KLGY	0	NA	NA	0	NA	NA	0	NA	NA	1	208	KPEVHFVKY	1	183	YVLNKQADIGDLANKLNSIRNNNNNKPEVHFVKY
Dme_TweedleK	Tweedle_Twdl.fasta	247		2	17	KLGY	0	NA	NA	0	NA	NA	0	NA	NA	1	172	KPEVHFVKY	1	147	YVLNKQADIGDLANKLNSIRNNNNNKPEVHFVKY
Dme_TweedleL	Tweedle_Twdl.fasta	285		2	17	KLGY	0	NA	NA	0	NA	NA	0	NA	NA	1	212	KPEVHFVKY	1	187	YVLNKQADIGDLAQKLNAIRNNNNNKPEVHFVKY
Dme_TweedleM	Tweedle_Twdl.fasta	288		2	17	KLGY	0	NA	NA	0	NA	NA	0	NA	NA	1	216	KPEVHFVKY	1	191	YVLNKQADIGDLANKLNAIRSNNNNKPEVHFVKY
Dme_TweedleN	Tweedle_Twdl.fasta	309		2	17	KLGY	0	NA	NA	0	NA	NA	0	NA	NA	1	233	KPEVHFVKY	1	208	YVLNKQADIGDLAQKLNAIRSNSNNKPEVHFVKY
Dme_TweedleO	Tweedle_Twdl.fasta	229		1	60	KEYY	0	NA	NA	0	NA	NA	0	NA	NA	0	NA	NA	0	NA	NA
Dme_TweedleP	Tweedle_Twdl.fasta	237		1	58	KEFY	0	NA	NA	0	NA	NA	0	NA	NA	1	144	KPEVHFVKY	1	119	YVLHKQTDINELAQKFNAVRQNANKKPEVHFVKY
Dme_TweedleQ	Tweedle_Twdl.fasta	245		2	17	KLGY	0	NA	NA	0	NA	NA	0	NA	NA	1	163	KPEVHFVKY	1	138	YVLSKQADVSQLAQRLANENQAQSPKPEVHFVKY
Dme_TweedleR	Tweedle_Twdl.fasta	325		1	70	KHFY	1	128	KTAIYV	1	98	KNLQVVFIKAP	1	128	KTAIYVL	0	NA	NA	0	NA	NA
Dme_TweedleS	Tweedle_Twdl.fasta	228		0	NA	NA	0	NA	NA	0	NA	NA	0	NA	NA	0	NA	NA	0	NA	NA
Dme_TweedleT	Tweedle_Twdl.fasta	286		2	133	KHIY	2	133	KHIYV	1	160	KHYKIIFIKAP	1	189	KTLVYVL	1	217	KPEVYFIKY	1	193	YVLVKKPEDQQDIVIPTPAPTQPSKPEVYFIKY
Dme_TweedleV	Tweedle_Twdl.fasta	251		2	81	KRFF	1	135	KTVIYV	0	NA	NA	1	135	KTVIYVL	0	NA	NA	0	NA	NA
Dme_TweedleW	Tweedle_Twdl.fasta	308		1	131	KNFF	1	188	KTVVYV	0	NA	NA	1	188	KTVVYVL	0	NA	NA	0	NA	NA
Dme_TweedleX	Tweedle_Twdl.fasta	346		1	149	KHFY	1	205	KTAIYV	0	NA	NA	1	205	KTAIYVL	0	NA	NA	0	NA	NA
Dme_TweedleY	Tweedle_Twdl.fasta	228		1	61	KKFY	1	117	KTVIYV	1	88	KNYRVVFIKAP	1	117	KTVIYVL	0	NA	NA	0	NA	NA
Dme_TweedleZ	Tweedle_Twdl.fasta	223		1	50	KQFY	0	NA	NA	0	NA	NA	0	NA	NA	0	NA	NA	0	NA	NA
Dme_Tweedlealpha	Tweedle_Twdl.fasta	424		3	175	KQFF	1	231	KTVIYV	1	202	KNYRVVFIKAP	1	231	KTVIYVL	0	NA	NA	0	NA	NA
Dme_Tweedlebeta	Tweedle_Twdl.fasta	198		3	72	KNVY	2	72	KNVYV	1	99	KHYKIIFIKAP	1	128	KTLVYVL	1	156	KPEVYFIKY	1	132	YVLVKKPEEQQPVILPAPEPTEPSKPEVYFIKY
Dmo_Tweedle1	Tweedle_Twdl.fasta	369		0	NA	NA	1	222	KTVIYV	1	193	KNYRVIFIKAP	1	222	KTVIYVL	0	NA	NA	0	NA	NA
Dmo_Tweedle10	Tweedle_Twdl.fasta	288		3	72	KLGY	0	NA	NA	0	NA	NA	0	NA	NA	1	219	KPEVHFVKY	1	194	YVLTKQADVGELAQRLQSEKQNFEHKPEVHFVKY
Dmo_Tweedle11	Tweedle_Twdl.fasta	285		1	91	KEFF	0	NA	NA	0	NA	NA	0	NA	NA	1	177	KPEVHFVKY	1	152	YVLTKQGDLTSLANKLQNLNSINARKPEVHFVKY
Dmo_Tweedle12	Tweedle_Twdl.fasta	255		2	18	KLGY	0	NA	NA	0	NA	NA	0	NA	NA	1	169	KPEVHFVKY	1	144	YVLTKQADAANLAKQLNALKSTSSNKPEVHFVKY
Dmo_Tweedle13	Tweedle_Twdl.fasta	220		0	NA	NA	0	NA	NA	0	NA	NA	0	NA	NA	0	NA	NA	0	NA	NA
Dmo_Tweedle14	Tweedle_Twdl.fasta	235		1	75	KEFF	0	NA	NA	0	NA	NA	0	NA	NA	0	NA	NA	0	NA	NA
Dmo_Tweedle15	Tweedle_Twdl.fasta	304		1	37	KHFY	1	95	KTDIYV	1	65	KNLQVVFIKAP	1	95	KTDIYVL	0	NA	NA	0	NA	NA
Dmo_Tweedle16	Tweedle_Twdl.fasta	308		2	17	KLGY	0	NA	NA	0	NA	NA	0	NA	NA	1	234	KPEVHFVKY	1	209	YVLNKQTDIGDLASKLNAIRSNTNNKPEVHFVKY
Dmo_Tweedle17	Tweedle_Twdl.fasta	277		1	20	KLGY	0	NA	NA	0	NA	NA	0	NA	NA	0	NA	NA	0	NA	NA
Dmo_Tweedle18	Tweedle_Twdl.fasta	227		1	61	KEFY	0	NA	NA	0	NA	NA	0	NA	NA	0	NA	NA	0	NA	NA
Dmo_Tweedle19	Tweedle_Twdl.fasta	315		2	17	KLGY	0	NA	NA	0	NA	NA	0	NA	NA	1	243	KPEVHFVKY	1	218	YVLNKQADIGDLASKLNAIRSNNNNKPEVHFVKY
Dmo_Tweedle2	Tweedle_Twdl.fasta	206		1	43	KQFY	0	NA	NA	0	NA	NA	0	NA	NA	0	NA	NA	0	NA	NA
Dmo_Tweedle20	Tweedle_Twdl.fasta	280		2	17	KLGY	0	NA	NA	0	NA	NA	0	NA	NA	1	206	KPEVHFVKY	1	181	YVLNKQADIGDLANKLNAIRSNTNNKPEVHFVKY
Dmo_Tweedle21	Tweedle_Twdl.fasta	231		1	67	KEFF	0	NA	NA	1	94	KSVRVIFIKAP	0	NA	NA	0	NA	NA	0	NA	NA
Dmo_Tweedle22	Tweedle_Twdl.fasta	295		2	12	KLGY	0	NA	NA	0	NA	NA	0	NA	NA	1	223	KPEVHFVKY	1	198	YVLNKQADIGDLANKLNAIRSNNNNKPEVHFVKY
Dmo_Tweedle23	Tweedle_Twdl.fasta	240		1	79	KEFY	0	NA	NA	0	NA	NA	0	NA	NA	1	165	KPEVHFVKY	1	140	YVLNKQADVNELANKLNHIKLQTNNKPEVHFVKY
Dmo_Tweedle24	Tweedle_Twdl.fasta	354		1	135	KDIY	1	193	KTVIYV	1	162	KNYRIVFIKAP	1	193	KTVIYVL	1	223	KPEVYFIKY	1	197	YVLSKKPDINEIHQHLQLAQTEPKVHKPEVYFIKY
Dmo_Tweedle25	Tweedle_Twdl.fasta	295		1	119	KDIY	2	119	KDIYV	1	147	KHYRIVFIKAP	1	176	KTIIYVL	0	NA	NA	0	NA	NA
Dmo_Tweedle26	Tweedle_Twdl.fasta	296		2	116	KRFF	1	172	KTVIYV	0	NA	NA	1	172	KTVIYVL	0	NA	NA	0	NA	NA
Dmo_Tweedle3	Tweedle_Twdl.fasta	229		1	64	KKFY	1	120	KTVIYV	1	91	KNYRVVFIKAP	1	120	KTVIYVL	0	NA	NA	0	NA	NA
Dmo_Tweedle4	Tweedle_Twdl.fasta	372		2	3	KFLF	1	215	KTAIYV	0	NA	NA	1	215	KTAIYVL	1	243	KPEVYFIKY	1	219	YVLSKKSNALDVSAEVVTQRPVTNKPEVYFIKY
Dmo_Tweedle5	Tweedle_Twdl.fasta	201		3	74	KNVY	2	74	KNVYV	1	101	KHYKIIFIKAP	1	130	KTLVYVL	1	158	KPEVYFIKY	1	134	YVLVKKPEEQLPVILPSPAPTEPSKPEVYFIKY
Dmo_Tweedle6	Tweedle_Twdl.fasta	190		3	57	KHVY	3	57	KHVYV	1	84	KHYKIVFIKAP	1	113	KTLVYVL	0	NA	NA	0	NA	NA
Dmo_Tweedle7	Tweedle_Twdl.fasta	357		2	125	KHIY	2	125	KHIYV	1	155	KHYKIVFIKAP	1	184	KTLIYVL	1	212	KPEVYFIKY	1	188	YVLHKKPDQEQDIVIPSPPPTKPSKPEVYFIKY
Dmo_Tweedle8	Tweedle_Twdl.fasta	284		2	109	KHIY	2	109	KHIYV	1	136	KHYKIIFIKAP	1	165	KTLVYVL	1	193	KPEVYFIKY	1	169	YVLVKKPEDQQDIVIPTPAPTQPSKPEVYFIKY
Dmo_Tweedle9	Tweedle_Twdl.fasta	328		1	136	KNFF	1	193	KTVVYV	0	NA	NA	1	193	KTVVYVL	0	NA	NA	0	NA	NA
Dps_Tweedle1	Tweedle_Twdl.fasta	329		2	52	KLGY	0	NA	NA	0	NA	NA	0	NA	NA	1	257	KPEVHFVKY	1	232	YVLNKQADIGDLASKLNAIRSNNNNKPEVHFVKY
Dps_Tweedle12	Tweedle_Twdl.fasta	399		1	72	KHFY	1	130	KTAIYV	0	NA	NA	1	130	KTAIYVL	0	NA	NA	0	NA	NA
Dps_Tweedle14	Tweedle_Twdl.fasta	314		1	130	KNFF	1	187	KTVVYV	0	NA	NA	1	187	KTVVYVL	0	NA	NA	0	NA	NA
Dps_Tweedle15	Tweedle_Twdl.fasta	197		3	73	KNVY	2	73	KNVYV	1	100	KHYKIIFIKAP	1	129	KTLVYVL	1	157	KPEVYFIKY	1	133	YVLVKKPEEQLPVILPSPAPTEPSKPEVYFIKY
Dps_Tweedle17	Tweedle_Twdl.fasta	316		2	17	KLGY	0	NA	NA	0	NA	NA	0	NA	NA	1	240	KPEVHFVKY	1	215	YVLNKQADIGDLASKLNAIRSNSNNKPEVHFVKY
Dps_Tweedle18	Tweedle_Twdl.fasta	229		1	72	KHFY	1	130	KTAIYV	1	100	KNLQVVFIKAP	1	130	KTAIYVL	0	NA	NA	0	NA	NA
Dps_Tweedle19	Tweedle_Twdl.fasta	264		1	104	KEFF	0	NA	NA	0	NA	NA	0	NA	NA	1	190	KPEVHFVKY	1	165	YVLNKQADIGDLANKLNSIRSNNNNKPEVHFVKY
Dps_Tweedle20	Tweedle_Twdl.fasta	236		0	NA	NA	0	NA	NA	0	NA	NA	0	NA	NA	0	NA	NA	0	NA	NA
Dps_Tweedle21	Tweedle_Twdl.fasta	254		2	18	KLGY	0	NA	NA	0	NA	NA	0	NA	NA	1	167	KPEVHFVKY	1	142	YVLSKQADVANLAKQLNALKSTSSNKPEVHFVKY
Dps_Tweedle22	Tweedle_Twdl.fasta	297		1	99	KEFF	0	NA	NA	0	NA	NA	0	NA	NA	1	185	KPEVHFVKY	1	160	YVLTKQGDLSSLANQLQNLNHVSASKPEVHFVKY
Dps_Tweedle23	Tweedle_Twdl.fasta	247		2	17	KLGY	0	NA	NA	0	NA	NA	0	NA	NA	1	166	KPEVHFVKY	1	141	YVLTKQADIGELAQRLQTEKQSQSSKPEVHFVKY
Dps_Tweedle24	Tweedle_Twdl.fasta	293		2	134	KHIY	2	134	KHIYV	1	161	KHYKIIFIKAP	1	190	KTLVYVL	1	218	KPEVYFIKY	1	194	YVLVKKPEDQQDIVIPTPAPTQPSKPEVYFIKY
Dps_Tweedle27	Tweedle_Twdl.fasta	375		2	147	KHIY	2	147	KHIYV	1	177	KHYKIVFIKAP	1	206	KTLIYVL	1	234	KPEVYFIKY	1	210	YVLHKKPEQEQDIVIPTPPPTKPSKPEVYFIKY
Dps_Tweedle28	Tweedle_Twdl.fasta	245		2	75	KRFY	1	129	KTVIYV	0	NA	NA	1	129	KTVIYVL	0	NA	NA	0	NA	NA
Dps_Tweedle29	Tweedle_Twdl.fasta	291		1	128	KDIY	2	128	KDIYV	1	156	KHYRIVFIKAP	1	185	KTIIYVL	0	NA	NA	0	NA	NA
Dps_Tweedle3	Tweedle_Twdl.fasta	331		2	52	KLGY	0	NA	NA	0	NA	NA	0	NA	NA	1	259	KPEVHFVKY	1	234	YVLNKQADIGDLASKLNAIRSNNNNKPEVHFVKY
Dps_Tweedle30	Tweedle_Twdl.fasta	337		1	139	KDIY	1	198	KTVIYV	1	167	KNYRIVFIKAP	1	198	KTVIYVL	1	228	KPEVYFIKY	1	202	YVLSKKPDLTEIQQQLQVTQTESKVHKPEVYFIKY
Dps_Tweedle32	Tweedle_Twdl.fasta	369		1	145	KHFY	1	201	KTAIYV	0	NA	NA	1	201	KTAIYVL	0	NA	NA	0	NA	NA
Dps_Tweedle33	Tweedle_Twdl.fasta	235		1	63	KKFY	1	119	KTVIYV	1	90	KNYRVVFIKAP	1	119	KTVIYVL	0	NA	NA	0	NA	NA
Dps_Tweedle34	Tweedle_Twdl.fasta	217		1	38	KQFY	0	NA	NA	0	NA	NA	0	NA	NA	0	NA	NA	0	NA	NA
Dps_Tweedle35	Tweedle_Twdl.fasta	349		1	145	KQFF	1	201	KTVIYV	1	172	KNYRVVFIKAP	1	201	KTVIYVL	0	NA	NA	0	NA	NA
Dps_Tweedle36	Tweedle_Twdl.fasta	191		3	57	KHVY	3	57	KHVYV	1	84	KHYKIVFIKAP	1	113	KTLVYVL	0	NA	NA	0	NA	NA
Dps_Tweedle4	Tweedle_Twdl.fasta	225		1	63	KEFY	0	NA	NA	0	NA	NA	0	NA	NA	1	149	KPEVHFVKY	1	124	YVLHKQTDINELANKFNAVRQNANQKPEVHFVKY
Dps_Tweedle5	Tweedle_Twdl.fasta	290		2	17	KLGY	0	NA	NA	0	NA	NA	0	NA	NA	1	216	KPEVHFVKY	1	191	YVLNKQADIGDLANKLNAIRSNNNNKPEVHFVKY
Dps_Tweedle6	Tweedle_Twdl.fasta	290		2	11	KLGY	0	NA	NA	0	NA	NA	0	NA	NA	1	216	KPEVHFVKY	1	191	YVLNKQADIGDLASKLNAIRSNNNNKPEVHFVKY
Dps_Tweedle7	Tweedle_Twdl.fasta	230		1	61	KEYY	0	NA	NA	0	NA	NA	0	NA	NA	1	147	KPEVHFVKY	1	122	YVLNKQADIGDLASKLNAVRQNANNKPEVHFVKY
Dps_Tweedle8	Tweedle_Twdl.fasta	277		2	17	KLGY	0	NA	NA	0	NA	NA	0	NA	NA	1	199	KPEVHFVKY	1	174	YVLNKQADIGDLANKLNAIRSNNNNKPEVHFVKY
Dps_Tweedle9	Tweedle_Twdl.fasta	309		2	20	KLGY	0	NA	NA	0	NA	NA	0	NA	NA	1	207	KPEVHFVKY	1	182	YVLNKQADIGDLANKLNAIRSNNNNKPEVHFVKY
Dsu_Tubby-like	Tweedle_Twdl.fasta	278		1	88	KEFF	0	NA	NA	0	NA	NA	0	NA	NA	1	174	KPEVHFVKY	1	149	YVLTKQGDLSSLANQLQNLNHVSASKPEVHFVKY
Dsu_TwdlC-like	Tweedle_Twdl.fasta	361		2	128	KHIY	2	128	KHIYV	1	158	KHYKIVFIKAP	1	187	KTLIYVL	1	215	KPEVYFIKY	1	191	YVLHKKPEQEQDIVIPTAPPTKPSKPEVYFIKY
Dsu_TwdlF	Tweedle_Twdl.fasta	326		1	133	KDIY	1	192	KTVIYV	1	161	KNYRIVFIKAP	1	192	KTVIYVL	1	222	KPEVYFIKY	1	196	YVLSKKPDLTEIQQQLQVTQSEAKVHKPEVYFIKY
Dsu_TwdlG	Tweedle_Twdl.fasta	281		1	118	KDIY	2	118	KDIYV	1	146	KHYRIVFIKAP	1	175	KTIIYVL	0	NA	NA	0	NA	NA
Dsu_TwdlJ-like	Tweedle_Twdl.fasta	291		2	20	KLGY	0	NA	NA	0	NA	NA	0	NA	NA	1	196	KPEVHFVKY	1	171	YVLNKQADIGDLANKLNSIRNNNNNKPEVHFVKY
Dsu_TwdlT-like	Tweedle_Twdl.fasta	306		2	127	KHIY	2	127	KHIYV	1	154	KHYKIIFIKAP	1	183	KTLVYVL	1	211	KPEVYFIKY	1	187	YVLVKKPEDQQDIVIPTPAPTQPSKPEVYFIKY
Dsu_TwdlV	Tweedle_Twdl.fasta	252		2	83	KRFF	1	137	KTVIYV	0	NA	NA	1	137	KTVIYVL	0	NA	NA	0	NA	NA
Dsu_TwdlW-like	Tweedle_Twdl.fasta	306		1	127	KNFF	1	184	KTVVYV	0	NA	NA	1	184	KTVVYVL	0	NA	NA	0	NA	NA
Dvi_Tweedle1	Tweedle_Twdl.fasta	215		1	55	KEFY	0	NA	NA	0	NA	NA	0	NA	NA	1	141	KPEVHFVKY	1	116	YVLNKQADIGELANRLNQVKLQTNNKPEVHFVKY
Dvi_Tweedle10	Tweedle_Twdl.fasta	297		2	13	KIVF	1	120	KTAIYV	1	90	KNLQVVFIKAP	1	120	KTAIYVL	0	NA	NA	0	NA	NA
Dvi_Tweedle12	Tweedle_Twdl.fasta	284		2	20	KLGY	0	NA	NA	0	NA	NA	0	NA	NA	1	186	KPEVHFVKY	1	161	YVLNNQADIADLANKLNAIRSNTNNKPEVHFVKY
Dvi_Tweedle13	Tweedle_Twdl.fasta	230		1	61	KEFY	0	NA	NA	0	NA	NA	0	NA	NA	0	NA	NA	0	NA	NA
Dvi_Tweedle14	Tweedle_Twdl.fasta	333		2	17	KLGY	0	NA	NA	0	NA	NA	0	NA	NA	1	261	KPEVHFVKY	1	236	YVLNKQADIGDLANKLNSIRSNTNNKPEVHFVKY
Dvi_Tweedle15	Tweedle_Twdl.fasta	257		2	12	KLGY	0	NA	NA	0	NA	NA	0	NA	NA	1	183	KPEVHFVKY	1	158	YVLNKQAVIGDLANKLNSIRSNTNNKPEVHFVKY
Dvi_Tweedle16	Tweedle_Twdl.fasta	226		1	62	KEFF	0	NA	NA	1	89	KSVRVIFIKAP	0	NA	NA	1	148	KPEVHFVKY	0	NA	NA
Dvi_Tweedle17	Tweedle_Twdl.fasta	265		2	17	KLGY	0	NA	NA	0	NA	NA	0	NA	NA	1	193	KPEVHFVKY	1	168	YVLNKQADIGDLANKLNSIRSNTNNKPEVHFVKY
Dvi_Tweedle18	Tweedle_Twdl.fasta	300		1	127	KNFF	1	184	KTVVYV	0	NA	NA	1	184	KTVVYVL	0	NA	NA	0	NA	NA
Dvi_Tweedle19	Tweedle_Twdl.fasta	197		3	76	KNVY	2	76	KNVYV	1	103	KHYKIIFIKAP	1	132	KTLVYVL	1	160	KPEVYFIKY	1	136	YVLVKKPEEQLPVILPSPAPTEPSKPEVYFIKY
Dvi_Tweedle2	Tweedle_Twdl.fasta	326		1	107	KDIY	1	165	KTVIYV	1	134	KNYRIVFIKAP	1	165	KTVIYVL	1	195	KPEVYFIKY	1	169	YVLSKKPDINEIHQHLQLTQNEPKVHKPEVYFIKY
Dvi_Tweedle20	Tweedle_Twdl.fasta	190		3	57	KHVY	3	57	KHVYV	1	84	KHYKIVFIKAP	1	113	KTLVYVL	0	NA	NA	0	NA	NA
Dvi_Tweedle21	Tweedle_Twdl.fasta	387		2	3	KFMF	1	224	KTAIYV	0	NA	NA	1	224	KTAIYVL	1	252	KPEVYFIKY	1	228	YVLSKKSNALDVSAEVVTQRPANHKPEVYFIKY
Dvi_Tweedle22	Tweedle_Twdl.fasta	224		1	59	KKFY	1	115	KTVIYV	1	86	KNYRVVFIKAP	1	115	KTVIYVL	0	NA	NA	0	NA	NA
Dvi_Tweedle23	Tweedle_Twdl.fasta	200		1	44	KQFY	0	NA	NA	0	NA	NA	0	NA	NA	0	NA	NA	0	NA	NA
Dvi_Tweedle24	Tweedle_Twdl.fasta	363		0	NA	NA	1	233	KTVIYV	1	204	KNYRVVFIKAP	1	233	KTVIYVL	0	NA	NA	0	NA	NA
Dvi_Tweedle25	Tweedle_Twdl.fasta	283		2	133	KHIY	2	133	KHIYV	1	160	KHYKIIFIKAP	1	189	KTLVYVL	1	217	KPEVYFIKY	1	193	YVLVKKPEDQQDIVIPTPAPTQPSKPEVYFIKY
Dvi_Tweedle26	Tweedle_Twdl.fasta	369		2	135	KHIY	2	135	KHIYV	1	165	KHYKIVFIKAP	1	194	KTLIYVL	1	222	KPEVYFIKY	1	198	YVLHKKPDQEQDIVIPSPPPTKPSKPEVYFIKY
Dvi_Tweedle3	Tweedle_Twdl.fasta	281		1	115	KDIY	2	115	KDIYV	1	143	KHYRIVFIKAP	1	172	KTIIYVL	0	NA	NA	0	NA	NA
Dvi_Tweedle4	Tweedle_Twdl.fasta	264		2	88	KRFF	1	144	KTVIYV	0	NA	NA	1	144	KTVIYVL	0	NA	NA	0	NA	NA
Dvi_Tweedle5	Tweedle_Twdl.fasta	274		2	65	KLGY	0	NA	NA	0	NA	NA	0	NA	NA	1	205	KPEVHFVKY	1	180	YVLTKQADLSDLAQRLQTEQQSHAHKPEVHFVKY
Dvi_Tweedle6	Tweedle_Twdl.fasta	250		1	55	KEFY	0	NA	NA	0	NA	NA	0	NA	NA	1	141	KPEVHFVKY	1	116	YVLTKQGDLTSLANRLQNLNHVNAKKPEVHFVKY
Dvi_Tweedle7	Tweedle_Twdl.fasta	255		1	83	KEFY	0	NA	NA	0	NA	NA	0	NA	NA	1	169	KPEVHFVKY	1	144	YVLSKQADVANLAKQLNALKSSSSSKPEVHFVKY
Dvi_Tweedle8	Tweedle_Twdl.fasta	219		0	NA	NA	0	NA	NA	0	NA	NA	0	NA	NA	0	NA	NA	0	NA	NA
Dvi_Tweedle9	Tweedle_Twdl.fasta	232		1	72	KEFF	0	NA	NA	0	NA	NA	0	NA	NA	0	NA	NA	0	NA	NA
Dwi_Tweedle1	Tweedle_Twdl.fasta	190		3	57	KHVY	3	57	KHVYV	1	84	KHYKIVFIKAP	1	113	KTLVYVL	0	NA	NA	0	NA	NA
Dwi_Tweedle10	Tweedle_Twdl.fasta	265		2	94	KRFY	1	149	KTVIYV	0	NA	NA	1	149	KTVIYVL	0	NA	NA	0	NA	NA
Dwi_Tweedle11	Tweedle_Twdl.fasta	292		1	123	KDIY	2	123	KDIYV	1	151	KHYRIVFIKAP	1	180	KTIIYVL	0	NA	NA	0	NA	NA
Dwi_Tweedle12	Tweedle_Twdl.fasta	325		1	126	KDIY	1	185	KTVIYV	1	154	KNYRIVFIKAP	1	185	KTVIYVL	1	215	KPEVYFIKY	1	189	YVLSKKPDITEIQQQLQVTQSEAKVHKPEVYFIKY
Dwi_Tweedle13	Tweedle_Twdl.fasta	225		1	57	KEFF	0	NA	NA	0	NA	NA	0	NA	NA	1	143	KPEVHFVKY	1	118	YVLNKQADIGELTNRLNQIKLQTNNKPEVHFVKY
Dwi_Tweedle14	Tweedle_Twdl.fasta	428		3	257	KHIY	2	257	KHIYV	1	288	KHYKIVFIKAP	1	318	KTLIYVL	1	348	KPEVYFIKY	1	322	YVLVKKPDEPTLEEIQSIQESTFKTSKPEVYFIKY
Dwi_Tweedle15	Tweedle_Twdl.fasta	232		2	8	KLGY	0	NA	NA	0	NA	NA	0	NA	NA	1	151	KPEVHFVKY	1	126	YVLTKQADVAQLAQRLQTENQNQSHKPEVHFVKY
Dwi_Tweedle16	Tweedle_Twdl.fasta	274		1	80	KEFF	0	NA	NA	0	NA	NA	0	NA	NA	1	166	KPEVHFVKY	1	141	YVLTKQGDLSSLANQLQNLNHVSASKPEVHFVKY
Dwi_Tweedle17	Tweedle_Twdl.fasta	260		2	18	KLGY	0	NA	NA	0	NA	NA	0	NA	NA	1	171	KPEVHFVKY	1	146	YVLSKQADVANLAKQLNALKSTSSNKPEVHFVKY
Dwi_Tweedle18	Tweedle_Twdl.fasta	221		0	NA	NA	0	NA	NA	0	NA	NA	0	NA	NA	0	NA	NA	0	NA	NA
Dwi_Tweedle19	Tweedle_Twdl.fasta	246		1	86	KEFF	0	NA	NA	0	NA	NA	0	NA	NA	1	172	KPEVHFVKY	1	147	YVLNKQADISDLAGKLNAIRNNNNNKPEVHFVKY
Dwi_Tweedle2	Tweedle_Twdl.fasta	195		4	25	KSRY	2	71	KNVYV	1	98	KHYKIIFIKAP	1	127	KTLVYVL	1	155	KPEVYFIKY	1	131	YVLVKKPEEQQPLILPSPAPTEPSKPEVYFIKY
Dwi_Tweedle20	Tweedle_Twdl.fasta	304		2	10	KLGY	1	114	KTAIYV	1	84	KNLQVVFIKAP	1	114	KTAIYVL	0	NA	NA	0	NA	NA
Dwi_Tweedle21	Tweedle_Twdl.fasta	298		2	17	KLGY	0	NA	NA	0	NA	NA	0	NA	NA	1	222	KPEVHFVKY	1	197	YVLNKQADIGDLASKLNAIRSNSNNKPEVHFVKY
Dwi_Tweedle22	Tweedle_Twdl.fasta	289		2	20	KLGY	0	NA	NA	0	NA	NA	0	NA	NA	1	189	KPEVHFVKY	1	164	YVLNKQADIGDLAGKLNAIRNNNNNKPEVHFVKY
Dwi_Tweedle23	Tweedle_Twdl.fasta	262		2	17	KLGY	0	NA	NA	0	NA	NA	0	NA	NA	1	186	KPEVHFVKY	1	161	YVLNKQADIGDLAGKLNAIRNNNNNKPEVHFVKY
Dwi_Tweedle24	Tweedle_Twdl.fasta	229		1	61	KEFY	1	118	KTAIYV	0	NA	NA	1	118	KTAIYVL	1	147	KPEVHFVKY	1	122	YVLNKQTDIGDLANKLNAVRNNANNKPEVHFVKY
Dwi_Tweedle25	Tweedle_Twdl.fasta	279		2	17	KLGY	0	NA	NA	0	NA	NA	0	NA	NA	1	206	KPEVHFVKY	1	181	YVLNKQADIGDLASKLNAIRSNNNNKPEVHFVKY
Dwi_Tweedle26	Tweedle_Twdl.fasta	283		2	17	KLGY	0	NA	NA	0	NA	NA	0	NA	NA	1	209	KPEVHFVKY	1	184	YVLNKQADIGDLASKLNAIRSNNNNKPEVHFVKY
Dwi_Tweedle27	Tweedle_Twdl.fasta	225		1	61	KEFY	0	NA	NA	0	NA	NA	0	NA	NA	1	147	KPEVHFVKY	1	122	YVLHKQTDINELANKFNAVRQNANSKPEVHFVKY
Dwi_Tweedle28	Tweedle_Twdl.fasta	381		2	114	KLGY	0	NA	NA	0	NA	NA	0	NA	NA	1	309	KPEVHFVKY	1	284	YVLNKQADIGDLASKLNAIRSNNNNKPEVHFVKY
Dwi_Tweedle3	Tweedle_Twdl.fasta	272		2	119	KHIY	2	119	KHIYV	1	146	KHYKIIFIKAP	1	175	KTLVYVL	1	203	KPEVYFIKY	1	179	YVLVKKPEDQQDIVIPTPAPTQPSKPEVYFIKY
Dwi_Tweedle4	Tweedle_Twdl.fasta	374		2	132	KHIY	2	132	KHIYV	1	162	KHYKIVFIKAP	1	191	KTLIYVL	1	219	KPEVYFIKY	1	195	YVLHKKPELEQDIVIPTPAPTKPSKPEVYFIKY
Dwi_Tweedle5	Tweedle_Twdl.fasta	315		1	134	KNFF	1	191	KTVVYV	0	NA	NA	1	191	KTVVYVL	0	NA	NA	0	NA	NA
Dwi_Tweedle6	Tweedle_Twdl.fasta	361		0	NA	NA	1	215	KTVIYV	1	186	KNYRVVFIKAP	1	215	KTVIYVL	0	NA	NA	0	NA	NA
Dwi_Tweedle7	Tweedle_Twdl.fasta	248		1	56	KQFF	0	NA	NA	0	NA	NA	0	NA	NA	0	NA	NA	0	NA	NA
Dwi_Tweedle8	Tweedle_Twdl.fasta	230		1	67	KKFY	1	123	KTVIYV	1	94	KNYRVVFIKAP	1	123	KTVIYVL	0	NA	NA	0	NA	NA
Dwi_Tweedle9	Tweedle_Twdl.fasta	339		1	135	KHFY	1	191	KTAIYV	0	NA	NA	1	191	KTAIYVL	1	219	KPEVYFIKY	1	195	YVLSKKSNALDVSAEVVTQRPVNHKPEVYFIKY
Foc_TWDL1	Tweedle_Twdl.fasta	340		2	91	KHIY	2	91	KHIYV	1	118	KHYKIVFIKAP	1	147	KTLIYVL	0	NA	NA	0	NA	NA
Foc_TWDL10	Tweedle_Twdl.fasta	176		2	136	KHVY	1	136	KHVYV	1	163	KHYKIVFIKAP	0	NA	NA	0	NA	NA	0	NA	NA
Foc_TWDL2	Tweedle_Twdl.fasta	191		2	12	KHVY	2	12	KHVYV	1	39	KHYKIVFIKAP	1	68	KTLIYVL	0	NA	NA	0	NA	NA
Foc_TWDL3	Tweedle_Twdl.fasta	380		2	221	KHIY	2	221	KHIYV	1	249	KHYKIVFIKAP	1	278	KTLIYVL	0	NA	NA	0	NA	NA
Foc_TWDL4	Tweedle_Twdl.fasta	665		2	471	KHIY	2	471	KHIYV	1	498	KNYKIVFIKAP	1	527	KTLIYVL	1	555	KPEVYFIKY	1	531	YVLVKKPDEQADVSVQPPAPTEPSKPEVYFIKY
Foc_TWDL5	Tweedle_Twdl.fasta	239		2	91	KHVY	2	91	KHVYV	1	119	KHYKIVFIKAP	1	148	KTLIYVL	0	NA	NA	0	NA	NA
Foc_TWDL6	Tweedle_Twdl.fasta	231		2	73	KHIY	2	73	KHIYV	1	100	KHYKIVFIKAP	1	129	KTLIYVL	1	157	KPEVYFIKY	1	133	YVLVKKPEEQPEVKVNVPPPTPPSKPEVYFIKY
Foc_TWDL7	Tweedle_Twdl.fasta	264		3	105	KHVY	2	105	KHVYV	1	133	KHYKIVFIKAP	1	162	KTLIYVL	0	NA	NA	0	NA	NA
Foc_TWDL8	Tweedle_Twdl.fasta	128		0	NA	NA	1	28	KTIIYV	0	NA	NA	1	28	KTIIYVL	1	56	KPEVYFIKY	1	32	YVLSKKPEDQAEINVQAAAPTTPTKPEVYFIKY
Foc_TWDL9	Tweedle_Twdl.fasta	415		3	83	KDVY	0	NA	NA	0	NA	NA	0	NA	NA	0	NA	NA	0	NA	NA
Nlu_TwdlE1	Tweedle_Twdl.fasta	211		3	65	KHVY	2	65	KHVYV	1	92	KHYKIVFIKAP	1	121	KTLIYVL	0	NA	NA	0	NA	NA
Nlu_TwdlE2	Tweedle_Twdl.fasta	280		3	103	KHIY	2	103	KHIYV	1	131	KHYKIVFIKAP	1	160	KTLIYVL	0	NA	NA	0	NA	NA
Nlu_TwdlE3	Tweedle_Twdl.fasta	314		2	121	KHIY	2	121	KHIYV	1	149	KHYKIIFIKAP	1	178	KTLIYVL	0	NA	NA	0	NA	NA
